assignment_id,site_id,assignment_title,open_date,due_date,close_date,points_possible,grade_type,submission_type
e77668c9-6527-45e5-bc52-97f6753ce26c,B2502_2025_26,B2502 (Evolutionary Biology) Presentation Topics,2/7/2026 22:25,4/4/2026 8:00,4/4/2026 10:00,,1,3
0cf4941e-bc7d-43de-85bc-a02253109bdd,B4502_2025_26,Respiration,9/8/2025 17:55,9/19/2025 23:55,9/20/2025 0:00,,1,2
864dfe4e-13f9-473e-9d24-a2d95537e9af,B4502_2025_26,Assignment 2 - Muscles,10/31/2025 14:20,11/7/2025 0:00,11/8/2025 8:00,,1,2
f2868a1f-6bdd-4b93-8c76-20b4f0361cfe,BEP3305_2025_26,Group task 1: Intervention strategies exploration,10/27/2025 18:30,10/28/2025 16:00,10/28/2025 17:30,3000,3,2
16605d05-c2ac-4660-a73b-fded733cf178,BEP3305_2025_26,Group Assignment 2 Part 1,12/17/2025 23:30,12/19/2025 23:55,12/19/2025 23:55,,1,2
64680654-73f9-443e-8ff1-19697fcdd927,BEP3305_2025_26,Assignment 2 Part 2,12/17/2025 23:20,12/20/2025 23:20,12/20/2025 23:20,,1,2
988927b3-cd96-493b-9a53-3d2351d3ba49,BEP3305_2025_26,Final Group task,12/28/2025 19:20,12/31/2025 7:00,1/5/2026 7:00,,1,2
a7af5f56-6d87-4cb3-80f0-43dcf0e741d6,BEP3305_2025_26,Individual Task,12/31/2025 8:30,1/4/2026 7:00,1/4/2026 8:30,,1,2
c5f46fef-559e-42cf-b35d-639d1839528d,BNE2304_2025_26,Assignment 1 ,10/1/2025 0:00,10/12/2025 23:55,10/12/2025 23:55,10000,3,3
6cad046c-8a07-47db-951b-6f167464ae66,BNS1302_2025_26,r,12/10/2025 0:05,12/10/2025 0:10,12/10/2025 0:10,,1,3
0b607f1f-c4dc-4c86-8689-0219edadd9c9,BNS2303_2025_26,Assignment 1,2/10/2026 8:40,2/28/2026 8:40,2/28/2026 8:40,,1,2
a79f4ea5-cbe8-4017-af25-edfc27ba7861,BT3504_2025_26,BT3504 (Growth and Death of Microorganisms) Presentation Topics,2/7/2026 22:45,4/8/2026 17:00,4/11/2026 10:00,,1,3
7e4b1b86-9ff0-48c3-8044-69349cb75f26,BT4501_2025_26,BT4501 Assignment IV,10/23/2025 17:25,11/3/2025 17:00,11/4/2025 17:00,,1,3
f5a7e029-71b9-4d7f-a545-4fb26b1bcb05,CS1310_2025_26,PracTest 1 Mon 11am SCN,9/29/2025 12:15,9/29/2025 12:55,10/7/2025 13:15,10000,3,2
daee3b27-90f1-4514-af2f-6fb8a0808367,CS1310_2025_26,PracTest 1_Mon 11 ICTRL,9/29/2025 11:30,9/29/2025 13:30,9/29/2025 14:30,3000,3,3
23beb2de-0f3e-44c5-a8fb-10ecb675918d,CS1310_2025_26,PracTest 1 Mon 2pm ICTRL,9/29/2025 14:20,9/29/2025 16:00,9/29/2025 16:15,10000,3,2
400af231-5d65-4081-811d-5d0753fd14d7,CS1310_2025_26,PracTest 1 Mon 2pm SCN,9/29/2025 14:00,9/29/2025 16:55,9/29/2025 16:55,10000,3,2
078008db-9453-4e6e-872a-1730d58b3ec8,CS1310_2025_26,PracTest 1 Tuesday 11am SCN,9/30/2025 12:15,9/30/2025 13:00,9/30/2025 13:15,10000,3,2
f04f5eb6-713e-4d05-a466-ec02fbc8d885,CS1310_2025_26,PracTest 1_Tue 11 ICTRL,9/30/2025 12:15,9/30/2025 13:15,9/30/2025 16:15,3000,3,3
c6905657-c8b5-4d15-b23f-10418bdce9be,CS1310_2025_26,PracTest 1 Tuesday 2pm SCN,9/30/2025 14:15,9/30/2025 16:00,9/30/2025 16:15,10000,3,2
19f4fd03-65f5-4064-a33b-9b2a65b1847a,CS1310_2025_26,PracTest 1 Wednesday 11am ICT,10/1/2025 11:00,10/1/2025 13:00,10/1/2025 13:15,10000,3,2
c18aff70-1335-4997-8504-53a42b7ce61a,CS1310_2025_26,PracTest 1 Wednesday 11am SCN,10/1/2025 11:00,10/1/2025 13:00,10/1/2025 13:15,10000,3,2
5bf8fe95-07d5-436d-93cd-715c0e11ff80,CS1310_2025_26,PracTest 1 Wednesday 2pm SCN,10/1/2025 14:00,10/1/2025 16:00,10/1/2025 16:15,10000,3,2
08d8243f-dd7b-4256-b595-01b40fc4b305,CS1310_2025_26,Prac Test 1 Wed 2:00pm ICTRL,10/1/2025 15:15,10/1/2025 16:50,10/1/2025 17:00,10000,3,2
d38c24ec-6942-4cab-aff8-baa63ca4e997,CS1310_2025_26,PracTest 1 Thur 11am SCN,10/2/2025 11:45,10/2/2025 12:50,10/10/2025 13:00,10000,3,2
a367e461-21d9-4aa5-8b6d-938cff307bdc,CS1310_2025_26,Prac Test 1 Thur 11am ICTRL,10/2/2025 12:05,10/2/2025 13:05,10/2/2025 15:05,3000,3,3
562cbd10-4c61-4d5a-bf9a-6533fea05e1a,CS1310_2025_26,PracTest 1 Thur 2pm SCN,10/2/2025 14:30,10/2/2025 15:50,10/2/2025 16:00,10000,3,2
705b3cd2-3a4d-461a-a598-68c134009c03,CS1310_2025_26,CS1310 Assignment 1,10/10/2025 8:00,10/31/2025 23:55,11/1/2025 8:00,10000,3,3
a27bc9e2-1cd1-471a-9583-cf8bcd55f8d0,CS1310_2025_26,Mon_11_ICT Prac Test 2,11/3/2025 11:55,11/3/2025 14:55,11/3/2025 14:55,10000,3,3
996e1c9a-9941-48c0-b0e0-7027d72b79da,CS1310_2025_26,Mon 2 SCN Prac Test 2 ,11/3/2025 14:00,11/3/2025 16:55,11/3/2025 16:55,10000,3,2
2908e087-2e7d-473a-ba0b-e4cb64c36819,CS1310_2025_26,Tue_11_ICT Prac Test 2,11/4/2025 12:10,11/4/2025 14:10,11/4/2025 14:10,10000,3,3
f3149b50-7c98-4e44-8414-ff99357a6c8a,CS1310_2025_26,Tue_11_SCN Prac Test 2,11/4/2025 12:10,11/4/2025 14:10,11/4/2025 14:10,10000,3,3
d7a90446-43b1-4ab0-a835-538f6069654e,CS1310_2025_26,Tue_14_SCN Prac Test 2,11/4/2025 12:10,11/4/2025 16:10,11/4/2025 16:10,10000,3,3
6131f62f-9e6a-4133-9697-e0a70693fc82,CS1310_2025_26,Wed 11 SCN Prac Test 2,11/5/2025 11:00,11/5/2025 13:55,11/5/2025 13:55,10000,3,2
f5818081-f254-4e12-84bc-186e7a870e04,CS1310_2025_26,Wed 11 ICT Prac Test 2,11/5/2025 11:00,11/5/2025 13:55,11/5/2025 13:55,10000,3,2
836ea3a6-3be2-44b4-b341-ff6fcd5d3f1d,CS1310_2025_26,Wed 2 SCN Prac Test 2,11/5/2025 14:00,11/5/2025 16:55,11/5/2025 16:55,10000,3,2
c6a5be78-4581-4261-b016-56cd6498ffd8,CS1310_2025_26,Thur_11_ICT Prac Test 2,11/6/2025 12:30,11/6/2025 15:30,11/6/2025 16:30,10000,3,3
d01a6f2f-77d6-4dd2-bfa2-3100d3ccfb88,CS1311A_2025_26,Lab Exercise 4,9/15/2025 9:05,9/19/2025 17:00,9/19/2025 17:00,,1,3
76d060a6-ad8c-40e3-8294-831a56bc663c,CS1311A_2025_26,CS1311A Assignment 1,9/22/2025 8:00,9/28/2025 23:55,9/29/2025 0:10,10000,3,3
bb36e539-eff0-4d73-9fd0-5d42847ba19e,CS1311A_2025_26,Practical Test 1 - Monday 08:00 - 10:00,9/29/2025 8:55,9/29/2025 10:00,9/29/2025 10:20,10000,3,3
b3d2b1dd-5a1b-44bb-ae56-ea31baeb1139,CS1311A_2025_26,Practical Test 1 - Monday 10:00 - 12:00,9/29/2025 10:15,9/29/2025 12:00,9/29/2025 12:20,10000,3,3
01995bcf-37b4-4efd-bbeb-ca6df7ef376c,CS1311A_2025_26,Practical Test 1 - Tuesday 08:00 - 10:00,9/30/2025 8:30,9/30/2025 10:00,9/30/2025 10:20,10000,3,3
6eb415fd-26ad-4eb7-83ac-a9b7acc5d68b,CS1311A_2025_26,Practical Test 1 - Tuesday 10:00 - 12:00,9/30/2025 10:00,9/30/2025 12:00,9/30/2025 12:20,10000,3,3
ba240efe-c311-4754-9e33-25b7b3dd6c24,CS1311A_2025_26,Practical Test 1 - Tuesday 14:00 - 16:00 ,9/30/2025 10:00,9/30/2025 12:00,9/30/2025 12:20,10000,3,3
f2f3b2ca-eb0f-4863-9814-72c3b9801cd1,CS1311A_2025_26,Practical Test 1 - Tuesday 12:00 - 14:00,9/30/2025 12:20,9/30/2025 14:00,9/30/2025 14:20,10000,3,3
33879de2-36fe-4b24-9b88-da4442cf0f00,CS1311A_2025_26,Practical Test 1 - Wednesday 14:00 - 16:00,10/1/2025 14:30,10/1/2025 15:30,10/1/2025 16:00,10000,3,2
e11cc837-0139-4ff3-9fc1-f965ff10a315,CS1311A_2025_26,Practical Test 1 - Thursday 08:00 - 10:00 ,10/2/2025 8:35,10/2/2025 10:00,10/2/2025 10:20,10000,3,3
99517121-c8c1-4d0d-9ab7-04b87503db96,CS1311A_2025_26,Practical Test 1 - Thursday 10:00 - 12:00 ,10/2/2025 10:05,10/2/2025 12:00,10/2/2025 14:10,10000,3,2
f01d01d2-a561-4ee4-b8cd-cae144800586,CS1311A_2025_26,Practical Test 1 - Thursday 12:00 - 14:00,10/2/2025 13:05,10/2/2025 14:00,10/2/2025 14:10,10000,3,2
fa441c7e-303f-460f-8ee8-027b838ccaba,CS1311A_2025_26,Practical Test 1 - Thursday 14:00 - 16:00,10/2/2025 14:10,10/2/2025 16:00,10/2/2025 16:10,10000,3,2
f1ec1758-f43f-48d4-926e-0697115f50dc,CS1311A_2025_26,Practical Test 1 - Friday 08:00 - 10:00,10/3/2025 8:30,10/3/2025 10:00,10/3/2025 10:20,10000,3,3
1827f4e5-b141-4305-97f8-f0ee7c47e4f3,CS1311A_2025_26,Practical Test 1 - Friday 10:00 - 12:00,10/3/2025 10:20,10/3/2025 12:00,10/3/2025 12:20,10000,3,3
7eb27039-fae4-4e40-8cd5-540125a1c840,CS1311A_2025_26,Practical Test 1 - Friday 12:00 - 14:00,10/3/2025 12:10,10/3/2025 14:00,10/3/2025 14:10,10000,3,2
44e19509-08b3-4d7c-bcb1-e452ac56b2db,CS1311A_2025_26,Practical Test 1 - Friday 14:00 - 16:00,10/3/2025 14:00,10/3/2025 16:00,10/3/2025 16:10,10000,3,2
489f19be-4e51-4aaf-b3d6-74b80c494a3c,CS1311A_2025_26,Practical Test 1 - Wednesday 08:00-10:00,10/29/2025 8:20,10/29/2025 8:30,11/6/2025 8:20,10000,3,3
e486efe5-5f97-4b6a-922e-9e748d9ea248,CS1311A_2025_26,Practical Test 1- Wednesday 10:00-12:00,10/29/2025 10:55,10/29/2025 11:35,11/6/2025 10:55,10000,3,3
0923bb22-7ea2-4b78-b5ca-63808039fef3,CS1311A_2025_26,Practical Test 02 - Monday 08:00 - 10:00,11/3/2025 8:30,11/3/2025 10:00,11/3/2025 10:30,10000,3,3
54b3c16c-4d0e-4672-b8a7-6052195f9403,CS1311A_2025_26,Practical Test 1 - Monday 12:00-14:00,11/3/2025 11:30,11/3/2025 11:35,11/11/2025 11:30,10000,3,3
68409aa6-1ab6-4373-b0db-5dbf9a2403e1,CS1311A_2025_26,Practical Test 1 - Monday 14:00-16:00,11/3/2025 11:35,11/3/2025 11:45,11/11/2025 11:35,10000,3,3
b0bb28e9-ad95-4c52-996a-a9479daedf19,CS1311A_2025_26,Practical Test 02 - Monday 10:00 - 12:00,11/3/2025 10:15,11/3/2025 12:00,11/3/2025 12:30,10000,3,3
ad41c8f4-cb45-4628-9e1a-6c41dfa3272d,CS1311A_2025_26,CS1311A Assignment 2,10/27/2025 8:35,11/3/2025 17:00,11/3/2025 17:00,10000,3,3
37015940-b466-464f-9c08-a2b667d428c3,CS1311A_2025_26,Practical Test 02 - Tuesday 10:00 - 12:00,11/4/2025 10:25,11/4/2025 12:00,11/4/2025 14:30,10000,3,3
6d4c69a5-8761-4fba-89ed-5efc06048b5e,CS1311A_2025_26,Practical Test 02 - Tuesday 12:00 - 14:00,11/4/2025 12:10,11/4/2025 14:00,11/4/2025 14:20,10000,3,3
20b54a43-fe7b-4aa4-923f-a68d4190545c,CS1311A_2025_26,Practical Test 02 - Tuesday 14:00 - 16:00 ,11/4/2025 14:00,11/4/2025 16:00,11/4/2025 16:20,10000,3,3
08140dc5-09d5-40a4-b49b-b14d56a3e4cf,CS1311A_2025_26,Practical Test 02 - Wednesday 08:00 - 10:00,11/5/2025 9:00,11/5/2025 10:00,11/5/2025 10:30,10000,3,3
0bad25dc-943c-4f02-b3f6-014971920169,CS1311A_2025_26,Practical Test 02 - Wednesday 10:00 - 12:00,11/5/2025 10:20,11/5/2025 12:00,11/5/2025 12:30,10000,3,3
fab9772e-eb63-4e53-8bfc-c4bf8b15bcf7,CS1311A_2025_26,Practical Test 02 - Wednesday 14:00 - 16:00,11/5/2025 14:35,11/5/2025 16:00,11/5/2025 16:20,10000,3,2
4fb43b9d-5383-420b-a16f-7e42f118d978,CS1311A_2025_26,Practical Test 02 - Thursday 08:00 - 10:00,11/6/2025 9:15,11/6/2025 10:00,11/6/2025 10:15,10000,3,2
7abf447b-2f8d-42b2-b23e-f79b8c78a7ed,CS1311A_2025_26,Practical Test 02 - Thursday 10:00 - 12:00,11/6/2025 10:10,11/6/2025 12:40,11/6/2025 12:40,10000,3,2
5e1e98da-1e19-444a-a4da-de9a186168ec,CS1311A_2025_26,Practical Test 02 - Thursday 12:00 - 14:00,11/6/2025 12:10,11/6/2025 13:40,11/6/2025 14:00,10000,3,2
57594cfc-9c02-43da-816a-0388164f1930,CS1311A_2025_26,Practical Test 02 - Thursday 14:00 - 16:00,11/6/2025 14:10,11/6/2025 15:40,11/6/2025 16:00,10000,3,2
a4b6d79a-4452-4fd8-b938-4798bac362cd,CS1311A_2025_26,Practical Test 02 - Friday 08:00 - 10:00,11/7/2025 8:35,11/7/2025 10:00,11/7/2025 10:30,10000,3,3
fb905254-196c-4675-99d6-3afd1af26400,CS1311A_2025_26,Practical Test 02 - Friday 10:00 - 12:00,11/7/2025 10:10,11/7/2025 12:00,11/7/2025 12:30,10000,3,3
36d5e2a0-492c-4bdb-9de8-046e65fbb621,CS1311A_2025_26,Practical Test 02 - Friday 12:00 - 14:00,11/7/2025 12:20,11/7/2025 13:40,11/7/2025 14:00,10000,3,2
0e8e4e22-5ef7-4870-892a-1e70c1956903,CS1311A_2025_26,Practical Test 02 - Friday 14:00 - 16:00,11/7/2025 14:00,11/7/2025 15:30,11/7/2025 16:00,10000,3,2
2c31d588-c88a-4a0c-8bfa-eddfcfb8c66c,CS1311A_2025_26,Practical Test 02 - Tuesday 08:00 - 10:00,11/11/2025 8:25,11/11/2025 10:00,11/19/2025 10:30,10000,3,3
28d535ec-6726-4982-9d4d-c4f208bf1ceb,CS1311A_2025_26,Practical Test 2 - Monday 12:00-14:00,11/17/2025 22:50,11/17/2025 22:55,11/17/2025 22:55,10000,3,3
667a6618-440c-4d2a-802d-dca13ad6e389,CS1311A_2025_26,Practical Test 2 - Monday 14:00-16:00,11/17/2025 23:10,11/17/2025 23:20,11/17/2025 23:20,10000,3,3
c320be34-a726-40da-8931-5adae4f52a62,CS1311B_2025_26,Lab Exercise 4 ,2/24/2026 13:25,2/27/2026 17:00,2/27/2026 17:10,,1,3
1a72d5f5-6a91-45b2-b4c4-fd2a431d79d9,CS1311B_2025_26,Practical Test 01 - Monday 08:00 - 10:00,3/2/2026 8:05,3/2/2026 10:05,3/2/2026 10:10,10000,3,3
8d558cb8-55af-4254-9714-9de02da0377d,CS1311B_2025_26,Practical Test 1 Mon 10:00 - 12:00,3/2/2026 10:00,3/2/2026 12:00,3/2/2026 12:00,10000,3,3
5ab7c600-bd5e-4722-9da1-1ea3d0b2d8ff,CS1311B_2025_26,Practical Test 01 - Tuesday 08:00 - 10:00,3/3/2026 8:10,3/3/2026 10:10,3/3/2026 10:20,10000,3,3
69b26ed7-7f48-4bff-ba71-174909f2a3d0,CS1311B_2025_26,Practical Test 1 Tue 10:00 - 12:00 ,3/3/2026 10:00,3/3/2026 12:00,3/3/2026 12:00,10000,3,3
775c2d3d-9c58-4cf6-adf8-af3f806b112c,CS1311B_2025_26,Practical Test 01 - Tuesday 12:00 - 14:00,3/3/2026 12:15,3/3/2026 14:15,3/3/2026 14:20,10000,3,3
60aa8b1e-8b71-440e-94aa-2b4d918cdae9,CS1311B_2025_26,Practical Test 1 Tue 14:00 - 16:00,3/3/2026 14:00,3/3/2026 16:00,3/3/2026 16:00,10000,3,3
6e03b57a-e163-4fb9-9fe6-f6c6a3ad8fbc,CS1311B_2025_26,CS1311B Assignment 1 ,2/24/2026 8:25,3/3/2026 17:00,3/3/2026 17:30,10000,3,3
ccb1fe17-9f2c-4a34-b6b3-6821df4d6dae,CS1311B_2025_26,Practical Test 1 Wed 12:00 - 14:00 ,3/4/2026 12:00,3/4/2026 14:00,3/4/2026 14:00,10000,3,3
4483a528-1042-47c6-84ea-f72c33db5fc9,CS1311B_2025_26,Practical Test 01 Thursday 12:00 - 14:00,3/5/2026 12:00,3/5/2026 13:30,3/5/2026 13:30,10000,3,1
3132f865-f093-48fa-825d-90300096efb0,CS1311B_2025_26,Practical Test 01 Thursday 14:00 - 16:00,3/5/2026 14:00,3/5/2026 16:30,3/5/2026 16:30,10000,3,1
c83901c4-1435-4955-b17d-76cdb82b3232,CS1311B_2025_26,Practical Test 01 - Friday 10:00 - 12:00,3/6/2026 10:05,3/6/2026 12:05,3/6/2026 12:10,10000,3,3
00e7cb62-a33f-4b90-a4c7-8586aa8f4596,CS1311B_2025_26,Practical Test 01 - Friday 14:00 - 16:00,3/6/2026 14:05,3/6/2026 16:10,3/6/2026 16:25,10000,3,3
901ce068-3778-488e-877e-dfcfd5c7752d,CS1311B_2025_26,Practical Test 1 - Monday 12:00 - 14:00,3/23/2026 8:25,3/23/2026 8:30,3/23/2026 8:30,10000,3,3
6348fc99-229c-4c59-9fad-425f80477d5e,CS1311B_2025_26,Practical Test 1 - Monday 14:00 - 16:00,3/23/2026 8:40,3/23/2026 8:45,3/23/2026 8:45,10000,3,3
9f468c75-9eae-4180-b3c7-ce2e5a46ddb5,CS1311B_2025_26,Practical Test 1 - Wednesday 08:00 - 10:00,3/23/2026 8:45,3/23/2026 8:50,3/23/2026 8:50,10000,3,3
2ceab82e-335e-461c-8a1e-ab285cc9196c,CS1311B_2025_26,Practical Test 1 - Wednesday 14:00 - 16:00,3/25/2026 8:55,3/25/2026 9:55,3/25/2026 9:55,10000,3,3
464c8b7d-9dd2-4beb-b212-604529c07572,CS1311B_2025_26,Practical Test 01 - Thursday 10:00 - 12:00,4/9/2026 10:00,4/9/2026 12:00,4/9/2026 12:00,10000,3,2
f0d7f03c-abd5-427e-b1b7-97f9edf7f8da,CS1311B_2025_26,Practical Test 01 - Friday 12:00 - 14:00,4/10/2026 12:00,4/10/2026 14:00,4/10/2026 14:00,10000,3,2
eb13635c-45b6-4a78-a8e1-2940ecdbeb4b,CS1311B_2025_26,Assignment 2,4/7/2026 8:50,4/13/2026 18:00,4/13/2026 18:00,10000,3,3
25b4f348-a1db-4805-9da3-50769584d38b,CS1311B_2025_26,Practical Test 2 - Tuesday 08:00 - 10:00,4/14/2026 8:00,4/14/2026 10:00,4/14/2026 10:10,10000,3,3
10546cd4-ca1b-4873-8aec-e530648db2cb,CS1311B_2025_26,Practical Test 2 - Tuesday 10:00 - 12:00 ,4/14/2026 10:00,4/14/2026 12:00,4/14/2026 12:10,10000,3,3
bedb6eb8-2e6d-4286-9d53-140c3ae02a66,CS1311B_2025_26,Practical Test 2 - Tuesday 12:00 - 14:00,4/14/2026 12:00,4/14/2026 14:00,4/14/2026 14:10,10000,3,3
48a919d5-12f4-4a3b-b785-6ff17240b705,CS1311B_2025_26,Practical Test 2 - Tuesday 14:00 - 16:00,4/14/2026 14:00,4/14/2026 16:00,4/14/2026 16:10,10000,3,3
2d244b5a-4a4e-4d5f-86d5-632a6c31184d,CS1311B_2025_26,Practical Test 2 - Wednesday 08:00 - 10:00,4/15/2026 10:20,4/15/2026 10:25,4/15/2026 10:30,10000,3,3
2bb0e032-fe6e-4eba-8198-2ac2485f0ffa,CS1311B_2025_26,Practical Test 2 - Wednesday 12:00 - 14:00 ,4/15/2026 12:20,4/15/2026 14:25,4/15/2026 14:30,10000,3,3
dcbf9e66-117c-4367-ba46-3195c66c2b21,CS1311B_2025_26,Practical Test 2 - Friday 10:00 - 12:00,4/17/2026 10:00,4/17/2026 12:00,4/17/2026 12:10,10000,3,3
62abbd1f-3533-4884-ac63-7c58e5ed9d77,CS1311B_2025_26,Practical Test 2 - Friday 14:00 - 16:00,4/17/2026 14:00,4/17/2026 16:00,4/17/2026 16:10,10000,3,3
9f6974f9-5750-4ada-a410-55268ade572e,CS1311B_2025_26,Practical Test 2 - Monday 08:00 - 10:00,4/20/2026 8:00,4/20/2026 10:00,4/20/2026 10:10,10000,3,3
47412218-93b9-4edf-b3fd-617b84f123d2,CS1311B_2025_26,Practical Test 2 - Monday 14:00 - 16:00,4/20/2026 10:55,4/20/2026 11:00,4/20/2026 11:00,10000,3,3
c3a68334-0aaa-47a3-b400-4fa7f675440e,CS1311B_2025_26,Practical Test 2 - Monday 12:00 - 14:00,4/20/2026 10:50,4/20/2026 11:00,4/20/2026 11:00,10000,3,3
a83ebb3b-a075-428e-81d0-4bc801389e72,CS1311B_2025_26,Practical Test 2 - Monday 10:00 - 12:00 ,4/20/2026 10:15,4/20/2026 11:45,4/20/2026 12:00,10000,3,3
7ed3d607-e1dd-46d0-afdc-af0dbedf0a18,CS1401_2025_26,Practical Test 1--Wed11h10 Group,3/4/2026 11:30,3/4/2026 13:30,3/4/2026 14:00,,1,3
62331612-9459-4f12-9457-82302e7dc466,CS1401_2025_26,Practical Test 1--Wed14h10 Group ,3/4/2026 14:30,3/4/2026 16:00,3/4/2026 16:30,,1,3
fccf2728-95bd-4dc7-b7dc-92e7313e0136,CS1401_2025_26,Practical Test 1--Thur11h10 Group,3/5/2026 11:30,3/5/2026 13:30,3/5/2026 14:00,,1,3
30a458c0-0eff-498e-888e-c3865b075ec6,CS1401_2025_26,Practical Test 1--Thur Afternoon Group ,3/5/2026 14:30,3/5/2026 16:00,3/5/2026 16:30,,1,3
29479260-c895-45da-99bc-dc91682cfad1,CS1401_2025_26,Practical Test 2--Wed11h10 Group,4/1/2026 11:30,4/1/2026 13:30,4/1/2026 14:00,,1,3
7b9ade75-bca1-41ff-83a0-0b5de15ff487,CS1401_2025_26,Practical Test 2--Wed14h10 Group ,4/1/2026 14:30,4/1/2026 16:00,4/1/2026 16:30,,1,3
b11d7022-fc63-40e0-99bc-25da623ef6e3,CS1401_2025_26,Practical Test 2--Thur11h10 Group ,4/2/2026 11:30,4/2/2026 13:30,4/2/2026 14:00,,1,3
fa4f99d3-6f03-412e-81c7-29222032b7de,CS1401_2025_26,Practical Test 2--Thur Afternoon Group,4/2/2026 14:30,4/2/2026 16:00,4/2/2026 16:30,,1,3
0a17b461-b847-4255-8fcc-4f546aad9dde,CS2431_2025_26,CS2431 Practical Test 1 Thursday 8 to 10,10/16/2025 7:15,10/16/2025 10:15,10/16/2025 10:25,3000,3,3
fd876e72-c1f6-4db5-8914-61ca2b9a4f11,CS2431_2025_26,CS2431 Practical Test 1 Friday 8 to 10,10/17/2025 7:45,10/17/2025 10:20,10/17/2025 10:20,3000,3,3
cd649a97-f2c4-494f-98f0-e99da2432832,CS2431_2025_26,CS2431 Practical Test 1 Friday 11 to 1,10/17/2025 11:25,10/17/2025 13:15,10/17/2025 13:25,3000,3,3
ab1d078c-1f13-48af-9a7b-419654214d7c,CS2431_2025_26,CS2431 Practical Test 1 Monday 9 to 11,10/17/2025 13:35,10/17/2025 16:15,10/17/2025 16:45,3000,3,3
115b2fd4-bfd4-40d6-a7fd-3cf767dfe70c,CS2431_2025_26,Thur 8-10 CS2431 Practical Test 2,11/13/2025 8:55,11/13/2025 10:00,11/13/2025 10:30,3000,3,2
785dda4a-0d66-43ba-815a-4fedc8985721,CS2431_2025_26,Fri 8 - 10 CS2431 Practical Test 2,11/14/2025 9:00,11/14/2025 10:00,11/14/2025 10:30,3000,3,2
53e3689d-5bbe-47da-9436-7c592cde00f4,CS2431_2025_26,Fri 11-13 CS2431 Practical Test 2,11/14/2025 12:50,11/14/2025 13:00,11/14/2025 13:30,3000,3,2
ceb91d22-a1f9-40c4-9b10-617199b74ade,CS2431_2025_26,Mon 9-11 CS2431 Practical Test 2,11/14/2025 15:45,11/14/2025 16:10,11/14/2025 16:35,3000,3,2
988fb226-fe78-412e-a5cc-459422f7e2a7,CS2432_2025_26,Friday 10:00 - 12:00 Lab6,3/27/2026 10:55,3/27/2026 12:00,3/27/2026 12:10,,1,2
9c93548b-8329-4477-b40e-8260dd8802d5,CS2432_2025_26,Friday 15:00-17:00 Lab6,3/27/2026 15:00,3/30/2026 17:00,3/30/2026 17:00,,1,2
448c53a2-fdd8-459c-a665-069f5b7f0273,CS2432_2025_26,CS2432 Practical Test - Tuesday 3-5 and Friday 10-12,4/17/2026 10:00,4/17/2026 14:45,4/17/2026 15:20,10000,3,3
20afa44f-e2af-481c-b2ab-77eb59f62c16,CS2432_2025_26,CS2432 Practical Test - Monday 11-1,4/17/2026 18:40,4/17/2026 19:25,4/17/2026 19:30,10000,3,3
124616c7-65dc-43f9-b218-ece6d61540c3,CS2432_2025_26,CS2432 Practical Test - Friday 3-5 and Tuesday 3-5,4/17/2026 16:45,4/17/2026 19:45,4/17/2026 19:45,10000,3,3
76f4539c-2017-46ed-a91f-2493552ba124,CS3400_2025_26,Marked CS3400 Class Activity,9/9/2025 12:20,9/11/2025 19:00,9/11/2025 19:00,10000,3,2
dd63af9a-060e-4518-80b0-16dffe039f8b,CS3400_2025_26,"ER Diagram, Architecture and Pseudo Code",10/10/2025 9:55,10/19/2025 23:55,10/19/2025 23:55,10000,3,2
1746996e-4878-4210-bd1f-fb87f796e6b2,CS3400_2025_26,Project Source Code,10/10/2025 9:20,10/26/2025 23:55,10/26/2025 23:55,10000,3,2
a151cf40-a6f8-47b1-b2ea-25b070bde4e9,CS3400_2025_26,Report and Presentation,10/10/2025 9:25,11/2/2025 23:55,11/2/2025 23:55,10000,3,2
3eb6c283-5b53-407e-844a-5adf50b225e1,CS3400_2025_26,Test One,11/4/2025 8:30,11/4/2025 8:35,11/4/2025 8:35,10000,3,1
ac8d8c5b-127a-47c9-801a-db0ab90a965c,CS3430_2025_26,CS3430 - Assignment 01,2/17/2026 12:55,2/20/2026 17:55,2/20/2026 17:55,,1,3
294551dc-70ce-4eb5-be3d-244b46a4ecd7,CS3430_2025_26,"CS3430 - Homework 02, Project Update and Quiz",3/21/2026 5:05,3/25/2026 18:00,3/25/2026 18:00,,1,2
c9ecabdb-af5f-4a41-8055-5c675a798469,CS3431_2025_26,Machine Problem 1 - A Kinship Domain Problem ,2/23/2026 10:55,3/3/2026 20:00,3/3/2026 20:00,,1,2
1b8e6b06-cb41-43ff-a67f-c8b15fb34143,CS3431_2025_26,Short Machine Problem 2,4/19/2026 22:40,4/21/2026 15:00,4/21/2026 15:00,,1,2
7c85fe49-82c2-41d7-a764-9972734441a0,CS3432_2025_26,Class Exercise 2,2/13/2026 9:55,2/22/2026 23:55,2/23/2026 9:55,2000,3,3
e57744f2-6ad1-4b1a-acb7-574b748d0b97,CS3432_2025_26,Wed_1_Exercise 5 Solutions,4/1/2026 14:50,4/1/2026 16:00,4/1/2026 16:00,700,3,3
3d2f3c47-a5d2-4d6f-b169-7025c08d783c,CS3432_2025_26,Wed_3_Exercise 5 Solutions,4/1/2026 16:50,4/1/2026 17:50,4/1/2026 17:50,700,3,3
0d95a3db-2b8f-406d-bf9b-ee4228352e14,CS3432_2025_26,Quiz,4/1/2026 13:15,4/8/2026 13:15,4/9/2026 13:15,,1,3
464a50ba-730e-47bb-835a-a2c857df7590,CS3432_2025_26,Quiz_1,4/1/2026 15:40,4/8/2026 15:40,4/9/2026 15:40,,1,3
2b929c6f-7822-42d6-a9c4-f315117ffdf3,CS3432_2025_26,Semester Project,2/12/2026 11:30,4/20/2026 23:55,4/21/2026 11:30,15000,3,3
60fb941e-8e4b-4fc5-851c-7f20bd3b5161,CS3432_2025_26,Test,4/22/2026 15:55,4/29/2026 15:55,4/30/2026 15:55,,1,3
bd30b40c-ebc0-4a42-b514-6504eaccd78c,CS3440_2025_26,Week 1 Labs,2/4/2026 20:30,2/8/2026 23:50,2/9/2026 0:10,1000,3,2
c1f9f88f-2d6d-4789-a154-3d6552a6a7d9,CS3440_2025_26,Week 3 Labs,2/18/2026 22:05,2/22/2026 23:55,2/23/2026 2:00,,1,2
35bb6130-b7c6-4435-b5cb-438099ae6110,CS3440_2025_26,Test 1 Submission Link,3/5/2026 13:00,3/5/2026 15:10,3/5/2026 15:30,10000,3,2
5fb8bf5e-bff9-4118-a4c7-91c6e11367f3,CS3440_2025_26,Week 4 Labs,2/25/2026 22:30,3/9/2026 0:00,3/9/2026 0:30,,1,2
e84c781a-ef3f-4bce-beaa-40559bb40d64,CS3440_2025_26,Week 6 Labs,3/26/2026 9:50,4/5/2026 23:55,4/6/2026 2:50,,1,2
34ec63e6-454a-4562-9941-4033ffc46397,CS3440_2025_26,Week 8 Labs,4/9/2026 9:45,4/12/2026 23:55,4/12/2026 23:55,,1,2
58cf9499-7d2a-4d03-a1f3-71dc1b011e42,CS3440_2025_26,Test 2 Submission Link,4/14/2026 12:40,4/14/2026 13:00,4/14/2026 14:40,10000,3,2
deac9ee3-0a81-4fbb-9e18-0a73a4cc2db6,CS3440_2025_26,Skills submission link,4/21/2026 12:50,4/21/2026 13:20,4/21/2026 14:00,,1,2
44a86737-a5d7-480f-8850-f287ef87e2eb,CS3520_2025_26,Project - Domain Analysis Report,9/21/2025 10:30,9/23/2025 23:55,9/23/2025 23:55,,1,3
c5d9bf48-2aea-4774-a035-71392f5e127c,CS3520_2025_26,Lab 1,9/21/2025 10:30,9/23/2025 23:55,9/23/2025 23:55,,1,3
fee890c4-2dd3-49a5-9fba-f94cc7e98d06,CS3520_2025_26,Project - High-Level Application Prototype(s),9/21/2025 10:30,9/30/2025 23:55,10/3/2025 23:55,,1,3
eacb435c-15dc-45a0-a78a-41b82e0170cd,CS3520_2025_26,Project - ISA Specification,9/21/2025 10:30,10/19/2025 23:55,10/20/2025 18:55,,1,3
d16bf2af-5af0-4fee-bcd7-9d14f020731c,CS3520_2025_26,Project - Microarchitecture Design,9/21/2025 10:30,10/29/2025 23:55,10/29/2025 23:55,,1,3
c4a123f8-b86b-4954-89b3-338ce689986a,CS3520_2025_26,Class Test 2,11/13/2025 18:55,11/20/2025 18:55,11/21/2025 18:55,,1,3
5e03e900-35eb-4437-8839-6131c0d19090,CS3521_2025_26,Test 1,3/30/2026 14:05,4/6/2026 14:05,4/7/2026 14:05,10000,3,4
9fa42a6a-c24c-498d-af60-9e7a02a9e5c0,CS3521_2025_26,Test 2,4/24/2026 20:00,4/24/2026 23:30,4/29/2026 14:30,10000,3,4
63cde03c-99bc-4bd9-b354-ef3762b46f97,CS3521_2025_26,Assignment,3/23/2026 0:40,4/27/2026 23:55,4/28/2026 5:55,10000,3,2
36a4a6be-ea88-462e-92d9-bcc8b39dce36,CS3541_2025_26,Lab Submission 1,9/11/2025 13:05,9/12/2025 17:05,9/12/2025 17:30,10000,3,3
f8e34368-842b-4cf6-aeb1-37f51017ae94,CS3541_2025_26,Test 1,9/26/2025 16:30,9/26/2025 18:55,9/26/2025 19:30,10000,3,4
94f902fe-5386-4904-a24f-69258ce1ae65,CS3541_2025_26,Lab Submission 2,10/3/2025 13:20,10/4/2025 17:35,10/4/2025 22:35,10000,3,3
c27ba2a7-8e84-40e3-9ef9-ef717432dbdf,CS3541_2025_26,Lab Submission 3,10/23/2025 15:00,10/24/2025 17:00,10/24/2025 19:00,10000,3,2
015a5079-106d-45db-b694-0105041b8778,CS3541_2025_26,Skills Exam,11/13/2025 14:55,11/14/2025 19:55,11/15/2025 13:05,10000,3,2
b893fb04-e2d9-490f-90a9-069e590364e8,CS3541_2025_26,Test 2,11/15/2025 13:05,11/16/2025 17:05,11/17/2025 13:05,10000,3,4
bcc54b34-ba46-4cb1-86ed-6cc306f798a8,CS4421_2025_26,Programming Assignment 1,9/12/2025 8:45,11/5/2025 23:55,11/6/2025 0:10,,1,3
54d92def-ca4a-403b-afc4-408ffe194856,CS4430_2025_26,M1: Project Proposal,3/16/2026 22:40,3/22/2026 23:55,3/23/2026 23:55,,1,3
16491bff-5263-4c9b-85c4-7ef1d7675ad6,CS4430_2025_26,Quiz-2,3/16/2026 22:40,4/1/2026 23:55,4/2/2026 1:00,,1,3
363dda12-3057-4862-9249-58bcc2332d10,CS4431_2025_26,CS4431 - Mini Project Idea,9/1/2025 7:00,9/2/2025 6:00,9/2/2025 6:00,,1,2
921a5d2b-5e49-40f6-b30e-6f22d922b9a7,CS4431_2025_26,CS4431 Assign02 Assistive device,9/9/2025 17:40,9/9/2025 23:55,9/9/2025 23:55,,1,2
47512137-5b89-42bb-b3f0-48f9fcb8bd6b,CS4431_2025_26,"CS4431 - Assignment 03, Prototyping",9/17/2025 7:55,9/19/2025 22:55,9/19/2025 22:55,,1,2
a07c0499-b5f7-4756-9fd0-e1ef4e4d3df9,CS4431_2025_26,CS4431 - Informed Consent Form (Assign05),10/21/2025 20:50,10/23/2025 18:00,10/23/2025 18:00,,1,2
c83818ac-6302-44f6-b59a-5d2ae5f46c40,CS4431_2025_26,CS4431 - Human Eye vs Camera,10/13/2025 0:55,11/1/2025 5:55,11/1/2025 5:55,,1,3
8dd902e2-a5d7-4f35-b877-5548333dd8b4,CS4431_2025_26,CS4431 - Experts Interviews;  Boxed Asides,10/30/2025 13:55,11/4/2025 21:55,11/4/2025 21:55,,1,3
887780b5-5dea-4959-b169-48ddaeda3dba,CS4432_2025_26,CS4432 - Group Sessions 01 & 02,2/3/2026 11:45,2/6/2026 23:55,2/6/2026 23:55,,1,3
ad5e919e-5cda-460c-993f-db61c5ec7258,CS4432_2025_26,"CS4432 - Assign 03 (Digital Good, Purple Case, NUL AUP)",3/23/2026 14:45,3/26/2026 23:55,3/26/2026 23:55,,1,3
a4ba41ba-616e-44d2-915b-0b5a43a92e6e,CS4432_2025_26,"CS4432 - Assign 03 (Digital Good, Purple Case, NUL AUP) - Extrawork",3/26/2026 21:00,3/29/2026 6:00,3/29/2026 6:00,,1,2
08cc6fd6-b73e-49f3-8983-98599ca1cb6c,CS4432_2025_26,CS4432 - Assign 04 (Discussions and Review Questions).,3/28/2026 5:00,3/30/2026 6:00,3/30/2026 6:00,,1,2
1d8c7bd3-9c74-4d7f-95fe-447e1158672e,CS4433_2025_26,Assignment 1 USSD system,9/15/2025 11:45,9/22/2025 13:10,9/22/2025 13:10,,1,4
4b5ec916-c66f-46e3-b00d-f88bd52a430d,CS4433_2025_26,Machine Problem 1 ,10/7/2025 17:50,10/21/2025 15:00,10/21/2025 15:00,,1,2
7832265b-a178-4fb7-844c-4b5a6eb163e5,CS4433_2025_26,Machine Problem 2,11/4/2025 10:40,11/10/2025 18:00,11/10/2025 18:10,,1,2
9b53493a-3bca-49c6-9016-f0783b14f908,CS4434_2025_26,Assignment 1 ,3/3/2026 18:40,3/5/2026 9:00,3/5/2026 9:00,,1,2
06d9f372-548b-4776-b505-19e01b564e49,CS4435_2025_26,Individual Assignment ,3/3/2026 10:00,3/4/2026 17:00,3/11/2026 23:55,10000,3,3
8929c2e3-cc8f-47c2-883d-74b85d6c684e,CS4435_2025_26,Mini Project ,3/26/2026 17:10,4/16/2026 17:00,4/16/2026 23:55,10000,3,3
fd594559-2746-448d-80ca-eee1acc77632,CS4511_2025_26,Practical Project Assignment,4/7/2026 9:50,4/18/2026 23:55,4/18/2026 23:55,10000,3,2
45791546-21d9-40df-8b75-1be1e270fae0,CS4540_2025_26,Practical Exam 1,9/11/2025 13:15,9/11/2025 13:45,9/11/2025 13:55,,1,3
e68eec15-24dc-4637-915c-28ad8a178955,CS5401_2025_26,Research Assignment,10/3/2025 9:55,10/3/2025 23:55,10/3/2025 23:55,,1,3
9d6ab49c-69c4-4584-8b00-5beda86c12a2,CS5401_2025_26,Class Test 1,11/14/2025 8:45,11/14/2025 10:35,11/14/2025 10:35,6000,3,3
c9c00019-77f6-4d24-8876-4fee3229ae54,CS5401_2025_26,GenAI Mini Project,11/14/2025 8:45,11/23/2025 23:55,11/23/2025 23:55,10000,3,3
5b14e14e-6bc9-4cf0-971e-49ff8a634aab,CS5430_2025_26,Dithering practical exercise,9/16/2025 23:05,9/19/2025 17:00,9/19/2025 21:00,10000,3,3
1edd3142-c10a-4749-9378-54375729fb30,CS5430_2025_26,Huffman Coding Programming Assignment,10/22/2025 11:10,10/27/2025 23:55,10/27/2025 23:55,10000,3,3
8a757859-8923-4842-8990-792899e25f34,CS5430_2025_26,Group Mini Project,10/29/2025 11:00,11/12/2025 23:55,11/12/2025 23:55,10000,3,3
4139b019-eb4d-4366-9603-94221503dd8f,CS5440_2025_26,Home work 1,8/19/2025 13:55,8/26/2025 14:00,8/27/2025 14:15,10000,3,2
c0479f09-1362-49f4-bf98-73b024eb909d,CS5440_2025_26,Home Work 3 Reports,9/24/2025 6:00,9/27/2025 0:00,9/27/2025 0:00,,1,2
221d3ef0-7616-46ba-8244-0403a14dd447,CS5440_2025_26,Howe Work 3,9/19/2025 10:15,9/28/2025 23:55,9/28/2025 23:55,10000,3,2
a2e795f6-90e8-4daa-88a9-b5ef14f724c5,CS5440_2025_26,Lab Submission,11/8/2025 20:25,11/9/2025 23:55,11/10/2025 0:30,10000,3,3
021a51b5-c406-494c-a8a2-06e1cac6c3b0,CS5531_2025_26,Assignment 1,2/25/2026 15:25,2/25/2026 23:55,2/26/2026 0:30,,1,2
1ed2a4ff-1ac9-4455-9627-201d8c3518d0,DEM2403_2025_26,Practical 1,9/12/2025 12:50,9/15/2025 12:00,9/15/2025 12:00,,1,3
714084f0-c0a5-4e05-8e9c-29a79be3bdbc,DEM2403_2025_26,Practical 2,9/19/2025 11:40,9/19/2025 17:00,9/19/2025 17:00,,1,3
a51f3bb7-4770-40cb-9dc3-ab738d46ce59,DEM3406_2025_26,Practical 1,2/19/2026 15:55,2/20/2026 23:55,2/20/2026 23:55,,1,2
acb4712a-19d0-4474-b5fe-f713727519a4,DEM3406_2025_26,Practical 2,2/26/2026 15:50,3/3/2026 9:45,3/3/2026 9:45,,1,3
cdc9c52f-dc12-454a-83fc-b15c26ba6bb6,DEM3406_2025_26,Practical 3,3/6/2026 13:10,3/9/2026 23:55,3/9/2026 23:55,,1,3
cf469897-a1ad-47c8-8389-0b8e0d6e6737,DEM3406_2025_26,Research Report - Task 1,3/24/2026 15:40,4/5/2026 23:55,4/5/2026 23:55,,1,3
d463ec2d-5daa-485f-bde1-59f1969179ba,DEM3406_2025_26,Presentations ,4/7/2026 11:20,4/7/2026 23:55,4/7/2026 23:55,,1,3
2ef74913-840d-4270-b10c-ec2d0d321ddc,DEM4302_2025_26,Population and Education Policy Brief,1/28/2026 13:20,3/20/2026 12:00,3/20/2026 12:00,,1,2
d9de4690-24b5-4ccf-8afe-b097caf753a0,DEM4303_2025_26,Integrating Theory and Practice in Manpower Projection,8/19/2025 12:40,11/7/2025 17:00,11/7/2025 17:00,,1,3
9c9c522a-fe39-4591-b8f1-420eb118b1c4,DS3304_2025_26,ASSIGNMENT ONE: PEASANT FARMING,9/19/2025 8:00,10/13/2025 10:10,10/13/2025 10:10,,1,4
3b2886c4-13ec-4aa6-9cf8-dc999568ffdc,DS4305_2025_26,ASSIGNMENT ,9/20/2025 13:35,10/15/2025 10:10,10/15/2025 11:00,,1,3
af674635-3932-4a5d-bf05-89d3702b0ab8,DS4309_2025_26,Group Assignment 2 ,11/12/2025 22:50,11/19/2025 14:00,11/20/2025 14:10,10000,3,2
516e9c28-3d57-469b-92ba-a529efd747a4,EC3305_2025_26,Test 2,11/9/2025 21:55,11/10/2025 1:00,11/10/2025 1:30,,1,2
77204e6e-5080-4081-a6b3-ca6c37ea5d99,EC4401_2025_26,Test 2,11/7/2025 22:00,11/8/2025 1:00,11/8/2025 5:00,,1,2
b18ea0c8-b3b9-4ecb-adeb-38f62503da8a,EE3405_2025_26,Lab 1,2/10/2026 17:30,2/19/2026 17:30,2/20/2026 9:00,3000,3,3
533c8afe-6328-4649-a5cc-f17add9afdb9,EE3405_2025_26,Lab 2,2/26/2026 11:45,3/5/2026 23:55,3/6/2026 9:00,2500,3,3
0289f13b-f9d3-4801-b456-655360d36da3,EE3405_2025_26,Lab 3,3/5/2026 15:35,3/19/2026 23:55,3/20/2026 9:00,2500,3,3
f793d343-6f4e-4614-99b9-c243c5e9b361,EE3405_2025_26,Lab 4,3/19/2026 14:10,3/21/2026 23:55,3/22/2026 11:00,3000,3,3
6029fe91-2afb-4535-9007-0a070dce816e,EE3405_2025_26,Practical Lab 1,4/2/2026 7:15,4/2/2026 23:55,4/3/2026 10:00,3000,3,3
97498b75-fba0-43aa-9b12-c86988c7dc23,EE3405_2025_26,Assembly Assignment  1,4/8/2026 10:00,4/12/2026 23:55,4/13/2026 10:00,1000,3,3
9d5a2ff2-ad5e-43d2-9fb3-9f816aaa0574,EE3405_2025_26,Assignment 2,4/13/2026 16:15,4/17/2026 23:55,4/18/2026 23:55,1500,3,3
c5fc6c39-1c9a-46f4-bf59-2935c1fae878,EE3405_2025_26,Assignment 3,4/13/2026 16:20,4/18/2026 23:55,4/19/2026 23:00,1500,3,3
4ef71f20-6064-4b32-91c4-b1a7527d5650,EE4303B_2025_26,Final Presentation,2/19/2026 14:20,2/20/2026 6:00,2/20/2026 7:00,,1,2
eb4619b9-cb13-466f-bfe2-c324b2c15cf5,EE4303_2025_26,Practice Presentation I,10/14/2025 13:20,10/22/2025 3:20,10/22/2025 6:20,,1,2
eb1c347a-6584-4a88-8089-67653b7af0c2,EE4303_2025_26,Practice Presentation II,10/23/2025 10:30,10/29/2025 4:30,10/30/2025 9:30,,1,2
3b1339ce-3280-405b-812e-643d411353cf,EE4303_2025_26,Final REPORT Presentation,10/23/2025 11:00,2/20/2026 5:00,2/20/2026 7:00,,1,3
d88da470-a8f1-4c4b-beee-15a50b33038d,EE4311_2025_26,PV Module Submission,12/30/2025 10:55,1/2/2026 23:55,1/3/2026 12:00,10000,3,3
2bcd71e8-bd84-44f2-977a-0a96f4869641,EE4406_2025_26,Experiment Data,2/25/2026 15:55,2/25/2026 20:55,2/25/2026 23:55,,1,3
fc3334c9-de41-4ccc-b6c6-217dd2eab494,EE4406_2025_26,EE4406 - PreLab Submission (Mathematical Model),2/24/2026 11:50,3/1/2026 23:55,3/2/2026 10:00,3000,3,3
e9639bf7-ca01-4e89-a457-75a0b8171684,EE4406_2025_26,EE4406 - Post Lab Submission,3/9/2026 9:10,3/22/2026 23:55,3/23/2026 9:00,3000,3,3
fa689fef-dcc7-440e-9fb8-15215eba7aa7,EE4406_2025_26,Test 1,4/11/2026 11:45,4/11/2026 19:45,4/11/2026 23:45,4000,3,4
98f990c6-40ae-4acd-9421-ae76ea2da909,EE4406_2025_26,Class Quiz,4/15/2026 15:30,4/22/2026 15:30,4/23/2026 15:30,1000,3,4
de810c2c-f5e6-4819-9069-3f57aef50d69,EE5301_2025_26,Tutorial Submission,9/17/2025 10:40,9/18/2025 22:40,9/18/2025 23:40,2000,3,3
08415477-7035-428d-ba27-949d7968c4d9,EE5301_2025_26,Test 1,9/24/2025 10:00,9/24/2025 12:00,10/28/2025 6:05,5000,3,4
ab09cbc2-7d7d-4a82-825c-80463c5cee83,EE5301_2025_26,System Identification - Least Square Method,9/29/2025 11:50,10/1/2025 9:50,10/1/2025 10:55,1500,3,3
5381fa8f-6f6c-4c43-add6-c058e3b8cf46,EE5301_2025_26,Lab 3 - PART 1 - Data Submission,10/1/2025 9:15,10/13/2025 23:55,10/14/2025 9:00,,1,3
8c63773a-e638-47f6-99fd-c2c1c611d9b0,EE5301_2025_26,Lab 3 - PART 2 ,10/1/2025 9:25,10/15/2025 23:55,10/16/2025 9:00,2000,3,3
b0e240cf-9d23-4064-bc2e-80e3d6d6fa42,EE5301_2025_26,Lab 4,10/1/2025 9:50,10/29/2025 23:50,10/30/2025 9:00,1500,3,3
f1170403-c0bf-46d1-b07e-0b4ccb71fd4b,EE5301_2025_26,Lab 5,10/1/2025 9:55,11/2/2025 23:55,11/3/2025 9:00,2500,3,3
eb066553-debe-471a-8aa0-d6017fc2a0bc,EE5301_2025_26,Test 2,11/12/2025 10:00,11/12/2025 12:00,11/12/2025 12:05,5000,3,4
ed9a2859-d15f-44de-9d78-4cbb6d631f55,EE5301_2025_26,Course AVG,11/19/2025 0:00,11/19/2025 7:00,11/19/2025 8:00,10000,3,4
992ffbf4-fc19-4855-b30a-b99fa6cb799a,EE5305_2025_26,Assignment 1,9/23/2025 11:55,10/1/2025 23:55,10/2/2025 1:55,,1,3
65f84814-8f49-45bb-8b71-9d5ee3bfef95,EE5310_2025_26,Idea Filtration,9/1/2025 8:15,9/1/2025 13:15,9/1/2025 14:00,,1,2
82fd1aa4-e409-4e3b-8a4c-b810e35ac783,EE5310_2025_26,Spetzo's Pizza - Presentation Summary,9/2/2025 9:25,9/7/2025 23:55,9/8/2025 1:25,1000,3,2
7cb223f1-cba8-454a-962e-f1ab671b932b,EE5310_2025_26,Enigma - Presentation Summary,9/2/2025 9:25,9/14/2025 23:55,9/15/2025 1:25,1000,3,2
ff09fe7b-2be9-40cb-8a83-475a755b64c3,EE5310_2025_26,Raw Canvas - Group Presentation,9/8/2025 14:50,9/15/2025 8:55,9/15/2025 10:50,,1,2
81ea59a4-05df-4a17-851e-df6d3d2bdb8f,EE5310_2025_26,Marketing Plan,9/15/2025 14:45,9/29/2025 6:45,9/29/2025 9:45,,1,2
cad51d25-873d-473f-b58d-6773429100e7,EE5310_2025_26,Pitch and Cash Flow - Group Presentation,10/14/2025 13:20,10/23/2025 1:20,10/23/2025 2:20,,1,2
5870a699-f9f4-4530-9e48-a6e7927e41b7,EE5310_2025_26,CBS Presentation Summary,10/28/2025 8:15,11/2/2025 23:55,11/3/2025 1:15,1000,3,2
63f5a78a-aea5-4e81-8e2f-ce15acf4bf11,EE5310_2025_26,Clientcare Presentation Summary,10/28/2025 8:15,11/2/2025 23:55,11/3/2025 1:15,1000,3,2
f90b35a2-5058-4171-9e98-b3f604704892,EE5310_2025_26,Test 3 - Group Test,10/15/2025 16:00,11/9/2025 23:55,11/10/2025 2:00,,1,2
66e93601-a37f-4eb1-ab68-930c51c3fd7b,EFE5401_2025_26,Lecture 11 Assignment,12/14/2025 21:10,1/19/2026 12:55,1/19/2026 12:55,,1,3
7b6562b9-7ead-4a0b-90eb-013e72ece489,EFE6411_2025_26,Lesson 11 Project Exercise,12/14/2025 21:15,1/19/2026 12:55,1/19/2026 12:55,,1,3
a4634f47-fcc7-48f7-9217-ddefe03e4f2e,EHS2300_2025_26,Assessment 1- Group work,8/25/2025 21:15,8/31/2025 23:55,8/31/2025 23:55,1500,3,3
fb0c4733-3a4e-4dd9-b6f8-c1f1a17555de,EHS2300_2025_26,Group Presentations- Env. Toxicology,10/2/2025 9:00,10/20/2025 0:00,10/20/2025 6:00,,1,3
0cae76db-771d-403e-8580-74710e15d16c,EHS2302_2025_26,Presentation link,9/12/2025 9:30,11/30/2025 9:30,11/30/2025 9:30,,1,3
7997df6a-e7f6-40a9-87f9-b33df63c7f19,EHS3209_2025_26,Innovation Assignment,8/31/2025 13:20,11/7/2025 8:00,11/7/2025 9:00,,1,3
bd06fbc1-a804-43ea-bb9f-d2f22a8ec09d,EHS3212_2025_26,EHS3212 ASSIGNMENT,9/3/2025 9:20,9/18/2025 7:20,9/18/2025 9:20,,1,3
9b72753b-d900-4272-a022-10aa285f5bca,EHS4305_2025_26,GROUP PRESENTATIONS,9/2/2025 12:40,9/15/2025 23:55,9/16/2025 1:00,,1,3
caa97afa-0b9e-4cff-b033-e3cb7db4fb93,EHS4306_2025_26,EHS3406 ASSIGNMENT,2/20/2026 10:50,3/20/2026 23:50,3/20/2026 23:55,5000,3,3
7fa6b8cb-c975-4447-aacf-a148c15a2f60,ES3301_2025_26,Solid Waste Management,10/9/2025 12:40,11/3/2025 12:40,11/3/2025 14:00,5000,3,3
5cb647c6-546f-473b-9513-d94fe57de7ca,FHS2302_2025_26,Practice questions on the Henderson-Hasselbalch equation,9/3/2025 15:05,9/8/2025 15:05,9/9/2025 15:05,,1,2
3bf2aeb5-0275-4345-9947-1b092774c28f,FHS3306_2025_26,PoE Part 1 submission,9/1/2025 16:05,9/7/2025 23:30,9/7/2025 23:30,,1,3
708cf3cf-c935-4773-9a13-ec4db0390eb3,FHS3306_2025_26,PoE consolidated Part 1_2 submission,9/18/2025 18:00,9/21/2025 23:30,9/21/2025 23:30,,1,3
cdf2e2d4-63a4-41c4-b688-c80ecc25f36c,FHS3306_2025_26,PoE consolidated 1_2_3 submission,10/16/2025 9:20,10/26/2025 23:30,10/26/2025 23:30,,1,2
74b852fd-f581-4d4a-92c3-e587a9a56a37,FHS3306_2025_26,FHS 3306 Final PoE Submission,11/6/2025 9:25,11/23/2025 23:30,11/24/2025 17:00,,1,3
6100b037-9362-46dc-806b-1280ce87d0f0,FHS3306_2025_26,PoE Mokoena,12/3/2025 8:20,12/3/2025 23:30,12/3/2025 23:55,,1,2
b6d93cfe-3630-48d6-b0e5-562d5860ce13,FHS4301_2025_26,Task 2- CBM,3/31/2026 10:45,4/8/2026 23:55,4/8/2026 23:55,,1,3
79fceffd-c0fb-457a-9521-c79631f4060a,L2305_2025_26,Assessment 1 - (Assignment 1),9/8/2025 23:10,10/7/2025 23:55,10/7/2025 23:55,,1,3
3d683456-1f6a-4b0c-88e6-5ffd8c967cdb,L2306_2025_26,Group 4 - Assignment - Employer Risk & Financial Capacity - Strict Liability,2/6/2026 23:50,3/5/2026 23:55,3/5/2026 23:55,,1,3
3dffa83d-07f6-4388-af1b-66f2a438b542,L2306_2025_26,Group 7 - Assignment - Public Policy & Strict Liability,2/7/2026 8:45,3/5/2026 23:55,3/5/2026 23:55,,1,3
3ef92fc5-1315-4088-92bd-6edeb6920d27,L2306_2025_26,Group 3 - Assignment - Strict Liability & the Constitution,2/6/2026 23:25,3/5/2026 23:55,3/5/2026 23:55,,1,3
6b2100e3-35b3-49ee-91f6-dd4820803a4c,L2306_2025_26,Group 6 - Assignment - State's Strict Liability,2/7/2026 8:10,3/5/2026 23:55,3/5/2026 23:55,,1,3
9394d3c1-9822-4601-999c-43e7d0693241,L2306_2025_26,Group 5 - Assignment - Strict Liability & Justice,2/7/2026 0:30,3/5/2026 23:55,3/5/2026 23:55,,1,3
ec4babf3-d80b-4395-befc-e4f0d171db4a,L2306_2025_26,Group 1 - Assignment - Animal-Harm Strict Liability,2/6/2026 20:50,3/5/2026 23:55,3/5/2026 23:55,,1,3
f4406a29-0ced-4d00-a8f8-7ae10d4c1442,L2306_2025_26,Group 2 - Assignment - Employer Vicarious Liability,2/6/2026 21:55,3/5/2026 23:55,3/5/2026 23:55,,1,3
5f9b2076-288d-4cf6-9649-10d650043f34,L2306_2025_26,Group 8 - Assignment - Independent Contractors & Strict Liability,2/7/2026 9:50,3/18/2026 23:55,3/18/2026 23:55,,1,3
6156e1a0-43c4-4919-980c-58a6a599a840,L2306_2025_26,Group 9 - Assignment - Motor Vehicle Owners - Strict Liability,2/18/2026 17:40,3/18/2026 23:55,3/18/2026 23:55,,1,3
97134de8-188a-4536-a545-11ed3d9825de,L2306_2025_26,Group 10 Assignment - Neighbour Nuisance & Strict Liability,3/3/2026 21:55,3/27/2026 21:55,3/27/2026 21:55,,1,3
b6800772-e607-4f76-a432-b90cfbd009a2,L4301_2025_26,Assessment 1 - (Assignment 1),9/8/2025 0:05,10/1/2025 23:00,10/5/2025 23:00,,1,3
f649c6b0-2764-465d-9e54-aa90b69b55f4,L4301_2025_26,Oral Presentation Assignment - Group 2,10/2/2025 19:25,10/16/2025 23:55,10/18/2025 23:55,,1,3
d9fe57a5-5269-488a-8210-e48a653f4498,L4301_2025_26,Oral Presentation Assignment - Group 3,10/3/2025 11:40,10/17/2025 23:55,10/18/2025 11:55,,1,3
de583f78-73bf-4262-aab6-406206aeb288,L4301_2025_26,Drafting Exercise Assignment 1,10/2/2025 0:15,10/30/2025 0:15,10/31/2025 0:15,,1,3
b954bf95-483c-4907-b84a-56f192cb9b31,L4301_2025_26,Group 4 Assignment - Local & Central Courts,10/29/2025 22:30,11/7/2025 23:55,11/8/2025 21:30,,1,3
ea9db3fa-35e2-43fe-b821-a0e8731935ff,L4301_2025_26,Group 5 Assignment - Judicial Commissioners Court Jurisdiction,10/31/2025 10:05,11/8/2025 10:05,11/9/2025 23:55,,1,3
5c50f960-1be4-474c-9ed8-8ef442615e3f,L4301_2025_26,Group 6 Assignment - Ex Parte Rule Nisi,11/4/2025 20:15,11/10/2025 23:55,11/10/2025 23:55,,1,3
18c611a2-9cf9-4829-93eb-3ba17a4e2ee9,L4301_2025_26,Group 7 Assignment - Non-Joinder and Misjoinder,11/6/2025 20:40,11/11/2025 23:55,11/11/2025 23:55,,1,3
6707654b-81f7-48ab-90b1-06fa0bea3c6e,L4301_2025_26,Group 8 Assignment - Appeals & Reviews,11/6/2025 7:20,11/12/2025 23:55,11/12/2025 23:55,,1,3
b2237529-0833-4d85-bf20-27a5ef839196,L4305_2025_26,Assignment One,9/14/2025 4:05,9/18/2025 17:00,9/18/2025 17:30,,1,2
ab14af62-13c0-4433-8821-635428ec8f91,L4307_2025_26,Juris Class exercise,10/15/2025 12:40,10/22/2025 12:40,10/23/2025 12:40,,1,3
8062a209-8a00-43d2-a51b-39f01f9c5aef,LED4305_2025_26,Devoir 2,9/11/2025 17:35,9/24/2025 12:00,9/24/2025 23:55,,1,2
5eaf2f0f-d66f-491f-a101-9ebb639d631f,LIS4303_2025_26,Virtual and Augmented Reality Task,9/9/2025 23:55,9/14/2025 23:55,9/14/2025 23:55,,1,3
f1519964-1fb1-4bef-831e-9382bed420c7,LIS4303_2025_26,Practical Assignment One,9/9/2025 10:10,9/14/2025 23:55,9/14/2025 23:55,,1,3
b6d7951d-2f0e-478f-b010-c7f946d2b696,LIS4303_2025_26,Practical Assignment Two,9/10/2025 0:00,9/29/2025 23:55,9/29/2025 23:55,,1,3
ae0ef61b-a092-4024-af1d-d3e93b7734ad,LIS4308_2025_26,Mini Project,3/13/2026 16:50,4/17/2026 23:55,4/21/2026 16:50,,1,3
90ac01ec-9964-4f2e-9623-2e1fc0989f4f,M2503_2025_26,Groups Assignment ,9/25/2025 13:05,10/14/2025 15:05,10/24/2025 23:05,10000,3,3
484966b6-3a7b-4195-89ea-5b956462f4a5,MAC0207_2025_26,Assignment 1,3/21/2026 21:00,4/2/2026 23:00,4/3/2026 23:00,,1,3
ba1e0f79-0235-4679-bf68-dbced12d28c4,MAC0208_2025_26,Identifying Design Elements,3/3/2026 11:25,3/8/2026 8:15,3/10/2026 10:30,,1,3
4324399c-9cce-42b5-b93a-58152a8e6ae8,MGM3306_2025_26,Individual Assignment 1,2/11/2026 16:15,3/23/2026 16:15,3/24/2026 16:00,,1,2
a0b47d31-e90e-4022-87d3-43b6608edc5d,NRS3301_2025_26,Assignment 1,9/4/2025 15:50,9/15/2025 15:50,9/15/2025 15:50,,1,2
311f55c1-d683-4219-9df3-6e0b97f8592e,NRS3306_2025_26,"NRS3306, Assignment 1",9/3/2025 10:30,10/12/2025 10:30,10/12/2025 10:30,,1,3
503f342c-77b8-4575-8546-d3dadd9a5993,NUT2303_2025_26,Group Assignment ,2/17/2026 12:20,4/1/2026 12:05,4/1/2026 12:20,10000,3,3
f8475ce7-c53f-4588-95c1-f1318648a365,NUT3310_2025_26,Assignment 1,10/31/2025 13:25,11/3/2025 23:55,11/3/2025 23:55,10000,3,3
be7915fe-1601-48f6-bb28-8d97eaf55af1,NUT3313_2025_26,Assignment 1 - Epidemiology in Community Nutrition,9/5/2025 11:35,9/11/2025 12:00,9/13/2025 12:00,10000,3,3
107b74a5-0ad9-4549-87ed-5ccf1d6622fd,NUT3313_2025_26,Lesotho Food and Nutrition Policy 2016 - 2025,10/15/2025 15:45,10/22/2025 15:45,10/23/2025 15:45,,1,3
577cb921-766b-4e47-9079-163428fee44c,NUT3314_2025_26,Assignment 1 - Nutrition Information and Surveillance System,9/5/2025 11:50,9/15/2025 12:00,9/15/2025 12:00,10000,3,3
e7751a9c-f6c2-4a55-a1c3-afad2c1baed1,NUT3314_2025_26,Reading Assignment: Biochemical Test in Nutrition Assessment,10/10/2025 17:10,10/13/2025 17:10,10/13/2025 17:10,,1,3
ef0cc407-deac-40d5-80d3-bc85d4278be7,NUT3314_2025_26,Reading Assignment: Clinical Assessment,10/16/2025 11:20,10/19/2025 11:20,10/20/2025 11:20,,1,3
d52af4d1-0f0a-4d69-8703-7231a64deb35,NUT3323_2025_26,Community Nutrition Outreach - Written Report,4/20/2026 17:30,4/24/2026 17:30,4/24/2026 17:30,10000,3,3
fef9bc9f-6765-4dbe-8c13-69a4063d5c50,NUT4302_2025_26,Assignment 1,10/31/2025 13:35,11/7/2025 23:55,11/7/2025 23:55,10000,3,3
ee035e97-3160-43b6-9d58-d63d125e5a1a,NUT4305_2025_26,Nutrition Attachment Report,8/20/2025 12:00,8/20/2025 15:00,8/20/2025 17:00,,1,3
e452aa6c-74b7-4c80-8cc3-43021958ef69,NUT4311_2025_26,SELF-REFLECTION IN A NUTRITION CONTEXT: A PERSONAL PORTFOLIO,4/10/2026 14:40,4/17/2026 14:40,4/18/2026 14:40,10000,3,3
a5cf6a03-fecc-4ae5-9461-893119d7f7e2,PA2303_2025_26,PA2303 - Assignment 2,10/15/2025 16:05,10/29/2025 16:05,10/29/2025 17:05,2500,3,3
c4d7a80f-3a11-4798-a418-3d4db45a1c48,PA2303_2025_26,Assignment 1,10/17/2025 0:25,11/30/2025 13:55,11/30/2025 17:00,2500,3,3
891d1b5f-99a6-40c7-9cd7-4059b4bc735a,PA3303_2025_26,Assignment 1 - Unit 3 Assessment,9/10/2025 9:40,11/11/2025 10:00,11/11/2025 17:00,2500,3,1
9def9303-b97a-48f8-82b2-835d7af52a75,PA3303_2025_26,Assignment 2 - Unit 5 Assessment,10/15/2025 11:10,11/11/2025 10:00,11/11/2025 17:00,2500,3,1
d9ce4a1d-d4c7-4bc2-a99d-461403dc3836,PA3303_2025_26,Quiz 1 - Core concepts in Organisation Theory,10/15/2025 9:30,11/30/2025 15:30,11/30/2025 17:00,2500,3,3
4ad37694-e079-40a0-b6f3-67f12e6fe5cd,PA3304_2025_26,PA3304: Assignment 1 - Presentations,1/29/2026 17:00,2/6/2026 16:30,2/6/2026 17:00,1500,3,1
ac14cdf3-f6ed-433b-85a7-894ff921e4ce,PA3304_2025_26,PA3304: Assignment 1 - Essay,1/29/2026 17:00,2/9/2026 16:30,2/9/2026 17:00,2500,3,1
3d95be58-0c5c-47cc-8cc8-66c767422fdd,PA3304_2025_26,PA3304 - ASSIGNMENT 2,3/27/2026 13:15,3/30/2026 7:50,3/30/2026 11:50,1500,3,1
d6a4cb05-3992-434b-9356-50de0ad3cdaa,PA4303_2025_26,PA4303 ASSIGNMENT 1,9/17/2025 16:00,9/29/2025 10:00,9/29/2025 10:00,10000,3,2
a2b9c75a-6ed7-4e57-93e1-331f396294c7,PA4303_2025_26,PA4303 TEST 1 2025,11/5/2025 8:00,11/6/2025 9:00,11/6/2025 9:00,10000,3,2
33fb2765-1369-4f7d-a3f4-302db085ddfa,PA4304_2025_26,PA4304 2026 POLICY ISSUE/ POSITION PAPER ASSIGNMENT,2/4/2026 9:30,3/9/2026 10:00,3/9/2026 10:00,10000,3,2
3c72f373-dfc7-4699-9c30-378bbdf849ec,PA4306_2025_26,Group Assignment,9/4/2025 15:45,9/30/2025 23:30,9/30/2025 23:55,10000,3,2
5729db01-058b-4756-ab07-285288f573e9,PAM5303_2025_26,PAM5303 Assignment 1,2/16/2026 12:05,2/17/2026 23:00,2/17/2026 23:00,10000,3,2
746926ba-fe94-43ea-a458-24e8aefcba9b,PAM5303_2025_26,PAM5303 write-ups,3/18/2026 13:15,4/24/2026 17:00,4/24/2026 19:00,10000,3,2
4ab7ddeb-8f30-43e4-b258-41d0c0cb879d,PAM5303_2025_26,MAPA PA5303 ORAL BRIEF 2026,4/15/2026 7:35,5/7/2026 13:00,5/7/2026 13:00,10000,3,4
8ca4b969-b5a4-4fd1-bcf6-8ac65934bb14,PAM5303_2025_26,MAPA PA5303 TERM PAPER FINAL EXAMINATION 2026,4/15/2026 7:40,5/17/2026 12:00,5/17/2026 12:00,10000,3,2
dbc0672f-b9cc-48cf-89a9-282564f75753,PDHE501_2025_26,Unit 1.4: Task 3 INDIVIDUAL ASSIGNMENT ,2/23/2026 20:10,3/14/2026 23:55,3/14/2026 23:55,,1,2
b676ac33-2e9e-4d1d-b1ff-4c4cd247c605,PDHE501_2025_26,Lesson plan,4/4/2026 16:20,4/12/2026 23:55,4/12/2026 23:55,10000,3,2
d7c3e45c-2ceb-42b2-98ce-debe06d10565,PDHE501_2025_26,PGDE501 PoE,4/4/2026 16:20,4/19/2026 23:55,4/19/2026 23:55,10000,3,2
3e8c67e6-01ef-4c84-861b-9f270d0cf9fc,PDHE502_2025_26,Individual assignment ,2/19/2026 16:50,2/20/2026 23:55,2/20/2026 23:55,10000,3,3
60745056-4477-434f-ab9a-f9c92bdb8a2c,PDHE502_2025_26,Group Assignment,2/12/2026 10:40,3/6/2026 23:55,3/7/2026 23:55,10000,3,3
cdee7a02-ea85-4ca2-b07e-147481fba3e7,PDHE502_2025_26,Assignment 3: Individual Assignment,3/10/2026 19:50,3/24/2026 23:50,3/24/2026 23:50,10000,3,3
98cdb37d-b717-4a50-96ea-bd8882c797fe,PDHE502_2025_26,Portfolio of Evidence (PoE) PDHE 502,4/2/2026 21:40,4/5/2026 23:55,4/8/2026 23:55,10000,3,3
09a90a08-bf91-49e5-9364-ef3724689cbb,PDHE503_2025_26,GROUP PRESENTATIONS,4/21/2026 21:30,6/4/2026 19:00,6/5/2026 23:55,10000,3,3
55f567db-f0da-4cb0-b9f1-08a11c27d958,PDHE504_2025_26,GROUP PRRSENTATIONS ON SCHOLARSHIP - SUBMISSION ON 15 APRIL 2026 AT 11:55P.M.,4/15/2026 13:45,4/15/2026 23:55,4/16/2026 1:45,1500,3,3
46074ed9-5790-4795-8de3-4c3530e1ed2f,PDHE504_2025_26,Unit 1 SoTL Concept Unpacked - Group Presentation Submission by 23 April 2026,4/21/2026 21:15,4/23/2026 23:55,4/24/2026 1:00,1500,3,3
00f18d62-0d7e-4934-8aaf-51fbf4b0a5ae,PDHE504_2025_26,Individual Assignment,4/9/2026 10:05,4/27/2026 12:00,4/27/2026 12:00,2500,3,3
594f0730-d61c-4747-9289-3ad177080a39,PDHE505_2025_26,Portfolio of Evidence,1/5/2026 8:15,3/31/2026 23:55,3/31/2026 23:55,10000,3,2
06f550f4-539c-44ae-b175-298ed6615a9b,PDHE507_2025_26,Individual Assignment 1,1/21/2026 12:15,1/21/2026 12:20,1/21/2026 12:20,10000,3,3
37ab8360-4dc2-461a-a97c-e2b4158958d0,PDHE507_2025_26,Group Assignment 1,1/21/2026 12:15,1/21/2026 12:25,1/21/2026 12:25,10000,3,3
aa621991-ce56-4f58-afbf-1a84f7da9bc1,PDHE507_2025_26,Portfolio of Evidence,1/5/2026 8:10,1/31/2026 8:10,1/31/2026 8:10,10000,3,2
94b784fa-6f2e-4a6e-ac13-3002873f6068,PHA2402_2025_26,Group assignment ,9/7/2025 22:05,9/10/2025 16:30,9/10/2025 16:30,,1,4
61b6d100-c5d9-4666-aa30-be517d3ed1fa,PHA2402_2025_26,Group assignment 2,10/17/2025 15:45,10/23/2025 16:30,10/23/2025 16:30,,1,4
6ff8a04b-9ed5-4c2d-b6bb-bb4adbfae35d,PHA2403_2025_26,Week 1 Task 1,8/18/2025 17:50,8/24/2025 23:55,8/24/2025 23:55,,1,2
47fee020-6590-4ca5-b27b-dee966d7631b,PHA2403_2025_26,Week 1 post class activity,8/18/2025 17:45,8/29/2025 17:45,8/29/2025 23:55,,1,2
5483a25d-99f9-4813-b852-76e6f438d1ed,PHA2403_2025_26,Week 2 post class activity,8/18/2025 17:45,9/19/2025 17:45,9/19/2025 17:55,,1,2
4391c4fa-0b6d-411a-9799-b6ab5d85e3e7,PHA2403_2025_26,GROUP PRESENTATIONS,9/13/2025 21:05,10/31/2025 21:05,10/31/2025 23:55,,1,2
b7ebd3a6-fef1-47d8-b6f1-026d42ca3a97,PHA2408_2025_26,Assignment 1,2/11/2026 9:40,2/12/2026 17:00,2/12/2026 17:00,,1,4
10030478-bb20-48ea-8045-1c0db41a44b3,PHA2408_2025_26,Assignment 2,3/23/2026 10:20,3/23/2026 23:55,3/23/2026 23:55,1000,3,1
04ef007d-0f41-4d09-b957-925664863477,PHA2408_2025_26,PHA 2408 presentations,3/30/2026 11:10,4/1/2026 9:00,4/1/2026 9:30,,1,2
27c51345-4c46-47a7-a236-a86384e7b346,PHA3304_2025_26,Week 1 post class activity,8/18/2025 17:40,8/27/2025 10:10,8/27/2025 18:00,,1,2
0f71b3eb-652e-42c8-8ed8-1e0a20c3e08d,PHA3304_2025_26,Week 2 post class activity,8/18/2025 17:40,9/3/2025 23:55,9/4/2025 8:00,,1,2
ce3cddbe-699e-4a81-a820-3fb84111d448,PHA3304_2025_26,ASSIGNMENT 1,10/27/2025 21:15,10/29/2025 21:15,10/29/2025 21:15,,1,2
a1df0505-3398-4271-a621-d6ca806b7dfb,PHA3305_2025_26,PHA 3305 GROUP ASSIGNMENT 1,3/6/2026 11:15,3/24/2026 0:00,3/24/2026 23:55,,1,3
e03818d2-e0e3-49d0-a91b-f37c60d841fb,PHA4200_2025_26,Year III Winter vacation report,8/21/2025 13:15,8/25/2025 8:00,8/25/2025 8:00,,1,3
c0580986-da7e-404c-87b2-6e9aa0f7a1bc,PHA4200_2025_26,PHA 4200 PRESENTATION 1,8/22/2025 12:30,8/28/2025 12:30,8/28/2025 12:30,,1,3
37c14688-98eb-4593-bd88-cb7ea52d12d3,PHA4200_2025_26,PHA 4200 field assignment report,10/9/2025 17:30,10/13/2025 13:00,10/13/2025 13:00,,1,2
cef50ab6-be45-40b3-b510-44101db745a1,PHA4200_2025_26,PHA 4200 Field Assignment slides,10/9/2025 17:30,10/13/2025 17:00,10/13/2025 17:00,,1,2
c761868e-e7ab-4712-b3df-f35bacd0259c,PHA4208_2025_26,PHA4208_Addressing Observed Social Determinant of health,1/28/2026 13:00,2/9/2026 23:55,2/9/2026 23:55,,1,2
5123332e-e493-4eec-b8e0-f9e7801d90e8,PHA4208_2025_26,Advocacy in Pharmaceutical Public Health,4/16/2026 10:05,4/16/2026 17:00,4/16/2026 17:00,,1,2
d4ab17dc-f2bd-453e-a0a5-9c018498638a,PHA4208_2025_26,PHA 4208 2026 Presentations,4/17/2026 21:45,4/22/2026 8:00,4/22/2026 11:00,,1,2
a0773777-6627-4494-8c03-b2862a32fc76,PHA4214_2025_26,PHA 4214 GROUP ASSIGNMENT 1 - MEDICINAL CANNABIS REGULATION,3/3/2026 15:10,3/26/2026 19:55,3/27/2026 0:00,,1,3
4c02b3d7-310e-4f41-a3ae-52728c0884b5,PHA4303_2025_26,Week 1 post class activity,8/18/2025 17:30,8/28/2025 8:00,8/28/2025 8:10,,1,2
63842b40-df67-4c90-9aec-750efb9e8aa9,PHA4303_2025_26,Class Activity,10/1/2025 12:35,10/15/2025 23:55,10/16/2025 9:00,,1,2
c589c823-f921-4956-8df4-124e8824e0aa,PHA4303_2025_26,GROUP PRESENTATIONS,9/13/2025 21:00,10/31/2025 21:00,10/31/2025 23:55,,1,2
691bf538-5477-4434-99d9-e7c0391b0c57,PHA4309_2025_26,Class Group Presentations ,4/10/2026 8:10,4/23/2026 17:10,4/23/2026 17:10,,1,5
2e9146f3-5bb7-4f13-a447-407d3287cdc7,PHA5301_2025_26,WINTER VACATION REPORT 8-WEEKS,8/21/2025 19:15,8/25/2025 8:30,8/25/2025 8:30,,1,3
0c6d082f-6fcc-4ee0-9251-f3a32a886a9d,PHA5303_2025_26,Presentation,10/19/2025 5:05,10/26/2025 23:55,10/26/2025 23:55,,1,2
360aa62e-93ee-432a-88f1-da6e6f514a62,PHA5303_2025_26,Assignment,10/19/2025 4:45,10/30/2025 16:30,10/30/2025 16:30,,1,4
630612b9-7c5b-42bb-83e4-2d3850bd1b9d,PHA5305_2025_26,PHA 5305 group excercises,9/9/2025 14:55,9/11/2025 11:00,9/11/2025 11:00,,1,1
ddf4cd9e-eed1-42d3-9a53-5659a83a2db0,PHA5305_2025_26,Causality assessment group work,9/12/2025 12:40,9/14/2025 13:00,9/20/2025 13:00,,1,3
c88ae582-f32b-482c-8219-a7be5a4a1210,PHA5305_2025_26,PE exercises,9/17/2025 11:15,9/22/2025 17:00,9/22/2025 17:00,,1,2
14c14088-9f21-4240-84c8-733515795bff,PHA5305_2025_26,Pharmacy extended roles slides,10/14/2025 15:05,10/15/2025 11:00,10/15/2025 11:30,,1,2
de434e98-ca95-41a8-91a9-496b48ff49fe,PHA5305_2025_26,Pharmacist extended roles document,10/14/2025 15:05,10/15/2025 11:00,10/15/2025 11:30,,1,2
21ace9bc-3279-41be-bd82-4b74b513c82c,PHA5306_2025_26,Teaching philosophy statement,10/3/2025 15:05,10/9/2025 23:55,10/9/2025 23:55,,1,2
48b32509-4666-42fc-8573-2ffe488a19a8,PHA5306_2025_26,Assignment 2,10/19/2025 5:35,10/24/2025 23:55,10/24/2025 23:55,,1,2
e912e19f-51fe-4e7e-b162-288d23c6db1f,PHA6303_2025_26,PHA 6303 assignment 1,11/14/2025 2:20,11/21/2025 23:00,11/21/2025 23:50,,1,3
2bb2e55d-5346-4b3b-98f7-344e9e37977c,PHA6305_2025_26,PHA6305 Essay 1,3/5/2026 3:00,3/9/2026 19:00,3/9/2026 19:00,,1,2
909ade19-774d-46a9-b070-72a837e1ebde,PHA6305_2025_26,PHA6305 Essay 1 final,3/17/2026 10:05,3/23/2026 19:00,3/23/2026 19:00,,1,2
9f45e3a9-1621-4038-85da-eacbcc913b90,PHA6305_2025_26,PHA 6305 Consolidated essays,4/22/2026 18:55,4/22/2026 21:00,4/22/2026 21:00,,1,2
c96800da-1915-43b8-b61d-7c0258b849fc,PHA6306_2025_26,PHA 6306 Essay 1,3/5/2026 3:05,3/11/2026 19:00,3/11/2026 19:00,,1,2
f1a158e0-5808-47fc-8496-196797001736,PHA6306_2025_26,PHA 6306 Essay 1 final,3/19/2026 5:35,3/25/2026 19:00,3/27/2026 19:00,,1,2
081095d0-58bb-4540-a4e4-7524c4726acc,PHA6306_2025_26,PHA 6306 ESSAY 2,4/1/2026 19:55,4/1/2026 21:00,4/1/2026 21:00,,1,2
c0cb69e3-0655-4dc0-ab75-bf3677f2782a,PHA6309_2025_26,PHA6309: Application of Pharmacoeconomic Concepts,4/20/2026 6:00,5/3/2026 23:55,5/3/2026 23:55,,1,3
73bbb038-8d82-4b80-89e9-4043c778424c,PIP5401_2025_26,PIP 5401-PATIENT CENTERED CARE AND COLLABORATION ASSIGNMENT 2 [50 MARKS],12/8/2025 21:45,12/15/2025 18:30,12/16/2025 0:00,,1,2
7fcd55e7-5d03-4ddf-ac39-46edfa6c10de,PIP5402_2025_26,PIP5402 Assignment test run,10/8/2025 20:05,10/8/2025 20:30,10/8/2025 20:30,,1,2
e7af6871-266a-4ea4-8d7f-f7d82973d5b8,PIP5402_2025_26,PIP 5402 ESSAY 1 ,10/9/2025 18:35,10/12/2025 23:30,10/12/2025 23:30,,1,2
2d7f1c7c-1993-4b7a-9292-f1f7195492c0,PIP5402_2025_26,PIP 5402 ESSAY 1 LATE,10/13/2025 12:00,10/13/2025 18:00,10/13/2025 18:00,,1,2
d64f2b65-e8c1-4638-be35-37f804f5569a,PIP5402_2025_26,PIP 5402 ESSAY 2,10/14/2025 19:05,10/15/2025 11:55,10/15/2025 11:55,,1,2
4c6079f1-77fc-4750-b1d5-ed9571b14882,PIP5402_2025_26,PIP 5402 Asynchronous 3,10/17/2025 6:50,10/20/2025 22:00,10/20/2025 23:55,,1,2
ac953696-ff5a-479c-bc06-84e96c92571d,PIP5402_2025_26,PIP 5402 Essay 3,11/6/2025 10:45,11/10/2025 23:00,11/10/2025 23:55,,1,2
bfe95d77-8db5-41cb-9938-db7a4480a657,PIP5404_2025_26,Assignment: Legal and Ethical Frameworks for Pharmacist Prescribers,12/2/2025 22:10,12/8/2025 23:10,12/9/2025 22:10,,1,3
44686359-bc2b-4a1e-a726-0db9ad335a27,REM3502_2025_26,Test 1,10/15/2025 20:00,10/15/2025 21:15,10/16/2025 11:00,,1,3
393d5faa-bc69-4f36-9fd1-d84cb9b233bb,REM3502_2025_26,Practical 9,10/29/2025 9:25,11/3/2025 8:00,11/3/2025 13:25,,1,3
e9657c3c-d2b1-46be-8f82-abcd53b2f5fc,REM3502_2025_26,Practical 10,11/3/2025 15:40,11/10/2025 8:00,11/11/2025 15:40,,1,3
2590972f-927f-4d4f-aada-c7d366d8dc82,SCE3201_2025_26,INDIVIDUAL ASSIGNMENT,9/17/2025 5:15,9/24/2025 23:55,9/24/2025 23:55,2000,3,3
ebd94b6d-fa83-4638-9b58-d1d93f4ce631,SCE3201_2025_26,TEST,10/15/2025 16:55,10/23/2025 23:55,10/23/2025 23:55,,1,3
15dd3f02-9b42-4e90-b6a8-b39fa6a07bf5,SCE3201_2025_26,PROJECT: INSTRUCTIONAL MATERIAL,9/16/2025 11:55,11/7/2025 17:00,11/7/2025 17:00,,1,3
dcea5a77-fcd9-490a-b1ad-7934f70c7fed,SCE3251_2025_26,ASSIGNMENT 2: INDIVIDUAL,9/12/2025 0:00,9/13/2025 22:00,9/13/2025 22:00,,1,3
afa26314-7ee4-4e6a-8a57-46e90b969dc2,SCE3251_2025_26,Test 2,11/8/2025 12:00,11/9/2025 3:00,11/9/2025 3:00,,1,3
c70d27c5-1334-4bc0-8899-282277dbf3bb,SCE4421_2025_26,SCE4421 2025/26 Assignment 1 ,10/17/2025 6:00,10/19/2025 23:00,10/19/2025 23:00,5000,1,4
9338ebf6-73f4-4a9e-bfb0-e41767433dad,SCE4441_2025_26,TEST 2,11/13/2025 16:50,11/13/2025 18:30,11/13/2025 18:45,,1,3
6a83ca30-8f7b-4aee-b37b-cbf0b5df022d,SE6315_2025_26,Major Assignment,4/7/2026 13:50,5/3/2026 23:55,5/4/2026 0:50,,1,3
2c20780e-a1fd-484e-9378-c454595cbec5,SIE3401_2025_26,Group assignment,10/22/2025 17:45,10/31/2025 16:30,10/31/2025 16:30,,1,4
5bc22b28-2747-42f2-895c-5554db39dadc,SIE3401_2025_26,RUBRIC,10/22/2025 18:05,10/31/2025 17:00,10/31/2025 17:00,,1,4
09a0f548-5518-472c-aedd-c3fde823be55,SOC3301_2025_26,Exercise 1,2/8/2026 17:35,2/15/2026 17:35,2/16/2026 17:35,,1,3
453f085f-eeac-4b6e-a8e3-d925646f42ee,SSR2503_2025_26,Assignment 2 Forests ecological services,2/9/2026 14:10,2/16/2026 14:00,2/16/2026 17:00,2000,3,3
c08052c8-54c0-455f-8ca8-7187d2ca66b7,SSR2503_2025_26,Tree identification,2/9/2026 14:00,2/18/2026 14:30,2/18/2026 17:00,2000,3,3
2f57fa0f-546f-41c1-99c8-28e6220ba607,SSR2503_2025_26,Agroforestry technology desin,2/17/2026 23:05,2/23/2026 14:00,2/23/2026 14:30,3000,3,3
54e63e81-82d1-4eff-98a4-7fda55f11c39,SSR2503_2025_26,Assignment 4,3/21/2026 6:25,3/24/2026 14:00,3/24/2026 17:00,,1,2
80485989-24ba-485d-a1bc-174282bf0368,SSR4307_2025_26,Assignment 1,2/24/2026 10:35,2/25/2026 13:00,2/25/2026 14:00,1000,3,2
df17ae82-4b40-4f4e-b07a-6dbf246647cc,SSR4307_2025_26,Assignment 2,2/24/2026 10:45,2/25/2026 13:00,2/25/2026 14:00,,1,2
74ae2b89-0293-4c73-9c64-feb8c90f4ce5,SSR4307_2025_26,Assignment 3,2/24/2026 10:50,3/3/2026 13:00,3/4/2026 14:00,,1,2
50fb21c3-23fe-4e71-af88-2763883c7109,SSR4307_2025_26,Assignment 4,3/6/2026 12:10,3/17/2026 13:10,3/17/2026 14:10,,1,2
0f9c5ecd-9e3d-4134-a628-0ec27f41b683,SSR4307_2025_26,Field report,4/15/2026 14:00,4/16/2026 14:00,4/16/2026 17:00,,1,3
52986973-9d8c-4ac4-8a74-46f65da5fe06,SSR4502_2025_26,Assignment 2,9/2/2025 11:30,9/8/2025 12:00,9/8/2025 12:30,4000,3,3
1f23ad20-e2d4-493e-8df3-fdb25845bb42,SSR4502_2025_26,Assignment 1,9/8/2025 12:25,9/8/2025 17:10,9/8/2025 18:00,1000,3,3
5c306c7d-f93d-400a-8835-6b5767089bf7,SSR4502_2025_26,Assignment 3,9/15/2025 18:00,9/22/2025 11:00,9/22/2025 11:30,2000,3,3
0dabcae2-0116-40cd-a581-4c3bc5e8bbaf,SW2305_2025_26,Community Profile,10/25/2025 15:45,10/25/2025 23:55,10/26/2025 16:55,10000,3,3
fb4be338-f0c2-411a-8985-72dfb823dbe5,SW3302_2025_26,Critically Analyse the roles and responsibilities of different Child Potection Stakeholders ,10/8/2025 10:35,10/10/2025 17:00,10/10/2025 23:30,10000,3,3
13e82428-90ce-4ef1-b36f-0a6e7e4a1955,SW4304_2025_26,Critically Analyse Paul Baltes (1987( 7 key principles of adult development,9/30/2025 10:20,10/1/2025 10:20,10/1/2025 23:20,10000,3,3
10693082-e583-4343-9d11-f995d6d18198,SW4311_2025_26,Assess various components of the life cycle approach of National Social Protection Strategy,3/12/2026 14:10,3/13/2026 23:30,3/13/2026 23:50,10000,3,3
7ed28774-fa45-48e9-8d89-5d7f9d39cc0d,SW4311_2025_26,Developmental Social Work Projects,4/17/2026 16:30,4/17/2026 23:30,4/17/2026 23:55,10000,3,3
