202110001,GES2414
202110001,GES2323
202110001,GES4522
20240220,GES2535
20240220,GES3475
202111005,GES3331
202111005,GES3333
20240518,GES2302
20240518,PG3321
202209021,PG3341
202209021,PG4341
20240303,ES2301
20240303,GES3392
202210011,MGM2302
201611058,BNS3303
201611058,BMN2302
201611058,NRS5303
201611058,NRS5304
201611058,NRS5307
200303007,DS1301
200303007,DS4301
200303007,DS4302
200303007,DS4303
200303007,DS621
200303007,DS620
198808530,DS2303
198808530,DS3306
198808530,DS613
198808530,DS3303
198808530,DS620
202109011,DS3302
202109011,DS4306
202109011,DS621
202109011,DS624
202109011,DS627
202109011,DS614
201509003,DS3301
202011004,DS4309
202011004,DS2306
202011004,DS4307
202208002,DS2302
202208002,DS1302
202208002,DS619
202208002,DS623
200301010,DS4304
200301010,DS618
200301010,DS615
201712054,DS2304
201712054,DS3304
201712054,DS4305
201812104,DS3305
201812104,DS4308
201812104,DS2301
199112668,ABE4300
199112668,ABE4302
201801055,NRS2303
201801055,NRS3308
201801055,BNS1302
199501789,C2710
199501789,CHT3650
201402050,SW4304
201402050,SW2305
201402050,SW3302
201109047,PHA 6301
201109047,PHA 6302
201109047,PHA 6304
200109027,POP 5405
200109027,PIP 5404
200109027,PHA 6303
200109027,PHA 6304
201710008,PIP 5401
201710008,PHA 6304
201109048,PIP 5402
201109048,POP 5404
202206001,DPM0303
201901001,ADE4401
201104023,ANT2301
201104023,EH4303
202109010,EC2501
202109010,EC4303
200402004,EC3307
200402004,EC4323
201811007,EC3303
201811007,EC4309
202001002,BEP1304
201902029,BEP1301
202111002,BEP1302
202401006,BEP1305
199401753,EC1401
202309002,EC1511
202309002,EC2301
202109010,EC2501
200511025,EC3301
201811007,EC3303
202303008,EC3305
200402004,EC3307
202303008,EC3309
201811007,EC4300
202303008,EC4401
202109010,EC4303
201309024,EC4305
202303007,EC4307
201811007,EC4309
200909061,EC4311
200910087,EC4321
200402004,EC4323
200910087,EC6303
200909061,EC6305
200910087,EC6305
202309002,EC6507
200511025,EC6507
200909061,EC6309
201804008,PDHE501
201804008,PDHE502
201804008,PDHE503
201804008,PDHE504
201804008,PDHE505
201804008,PDHE505
201804008,PDHE506
202001002,EFE5414
201901001,BEP3305
202112005,LED3304
202112005,LED4304
202112005,DPM0202
198808538,C1501A
201001002,C1501B
199501789,C2710
20241066,C2740
20241066,C2450
199910953,C3620
201701078,C3730
201305500,C4370
201502026,C4710
199808083,C4730
201305500,CHT3240
199808083,CHT3340
199501789,CHT3650
199808083,CHT4430
200912094,CHT4610
200603011,CHT4641
202104006,CHT4752
200912094,CHT4960
201305500,CHT5070
202112005,DPM0202
202112005,LED3304
202112005,LED3305
202112005,LED4304
202112005,LED4308
199611855,JMS2112
199611855,JMS4111
199611855,JMS4112
199611855,JMS1115
199611855,JMS3116
199611855,MAC0203
199611855,MAC0302
199611855,MAC0305
199611855,MAC0108
199611855,MAC0308
201809001,SOC5301
20250201,TRS0304
20250201,TRS3322
202111019,SW3304
202111019,SW2304
202111019,SW4305
201309027,DEM2402
201309027,ST4400
200501234,DEM2404
200501234,ST4400
200501001,DEM3402
200501001,DEM3404
200501001,ST4400
200511010,DEM3406
200511010,DEM4302
200511010,ST4400
200501234,DEM4408
200501234,ST4400
201211017,ST1512
201211017,DEM4400
201508010,ST2402
201508010,DEM4400
200702002,ST2502
200702002,DEM4400
200509007,ST2504
200509007,DEM4400
200908060,ST2506
200908060,DEM4400
201508010,ST3404
201508010,DEM4400
199902936,ST3406
199902936,DEM4400
200908060,ST3410
200908060,DEM4400
199711881,ST3502
199711881,DEM4400
200702002,ST3508
200702002,DEM4400
201803012,ST3512
201803012,DEM4400
199902936,ST4402
199902936,DEM4400
200509007,ST4404
200509007,DEM4400
201803012,ST4408
201803012,DEM4400
199711881,DEM4400
199711881,ST4502
201001002,C1502
198808538,C1502
199910953,C2620
199808083,C2730
201502026,C3710
199808083,C3740
202104006,C4620
199808917,C4740
199501789,C4380
201912094,CHT2340
201305500,CHT3621
200803004,CHT3420
199501789,CHT3640
200912094,CHT4311
201305500,CHT4213
200803004,CHT4331
200603012,CHT4751
200803004,CHT4961
20240515,SE6315
20240515,SE6313
201508007,M1400B
20240901,M1400B
200606020,M1400B
201402052,M1504
200906015,M1504
200406001,M1506
201310016,M2506
201310016,AM6000
201102003,M1506
201102003,AM6000
199808910,M1512
200606016,M1512
202305006,M1512
201808006,M1513
201808006,M4504
200201049,M2501
199900822,M2504
200806101,M2516
199708875,M3505
199708875,PM6000
200906013,M3507
201909006,M4503
201909006,PM5309
200906014,PM5301
200307018,AM5308
200910087,SE6315
200910087,SE6313
200006007,SE6304
200006007,SE6305
200006007,SE6316
200008025,SE6314
200008025,SE6316
199111659,SE6301
199111659,SE6302
199409785,SE6304
199409785,SE6313
199409785,SE6315
200609026,SE6305
200609026,SE6307
200710000,SE6303
201310026,SE6301
201310026,SE6302
201310026,SE6303
200912094,SE6303
20240515,SE6315
20240515,SE6313
202402007,SE6302
202402007,SE6303
200501033,SE6314
200501033,SE6316
201711029,CPS2503
201711029,CPS2507
202111013,PAM5301
200501033,PAM5303
201507001,PAM5311
201811012,PS2302
202303005,PS3302
200407012,PS3304
202303005,PS3306
201811006,PS3308
201811012,PS4302
200208259,PS4304
202102023,PA1302
202102024,PA2301
201507001,PA2302
202111013,PA3302
201808007,PA3304
202102024,PA3306
200501033,PA4304
202102024,PA4305
202111013,PA4308
201811012,PS4305
202303005,PS4305
200407012,PS4305
202303005,PS4305
201811006,PS4305
201811012,PS4305
200208259,PS4305
202102023,PA4307
202102024,PA4307
201507001,PA4307
202111013,PA4307
201808007,PA4307
202102024,PA4307
200501033,PA4307
202102024,PA4307
202111013,PA4307
201909005,CS3432
201109047,PHA 2406
201109047,FHS 500B
201109047,PHA 6304
201109047,PHA 6311
201109047,PHA 6312
201109047,PHA 6313
200109027,FHS 500B
200109027,PHA 6304
200109027,PHA 6308
200109027,PHA 6309
200109027,PHA 6310
201811013,PHA 2408
201811013,PHA 2410
201811013,FHS 500B
201710008,PHA 4312
201710008,PHA 3408
201710008,FHS 500B
201710008,PHA 6304
201710008,PHA 6317
201710008,PHA 6318
201710008,PHA 6319
201109048,PHA 4208
201109048,PHA 5308
201109048,FHS 500B
201109048,PHA 6304
201109048,PHA 6305
201109048,PHA 6306
201109048,PHA 6307
201808008,PHA 3407
201808008,PHA 4310
201808008,FHS 500B
200408055,FHS 2301
200408055,FHS 2304
200408055,PHA 4311
200408055,FHS 500B
201409109,PHA 2409
201409109,PHA 3406
201409109,PHA 4309
201409109,FHS 500B
20240304,B2502
20240304,B4508
198708513,B3505
198708513,B4503
199101632,B4506
200106014,BT3503
200108016,B3501
200108016,BT3501
200206804,B1502
200307023,B3503
200703022,B1502
200703022,B4505
200710000,B2502
200710000,BT3504
200911005,BT3502
201004006,B2601
202309001,BT4504
202309001,BT4506
202309001,BT4503
202309001,B4504
202309001,BT5180
201008045,ESC1311
201008045,PG2412
201008045,PG3413
202101004,NRS3313
200511010,DEM3406
202102024,PA4305
201502025,NRS4310
201502025,NRS3312
202504005,L2306
201505009,NUT 2304
201505009,NUT3316
201505009,NUT3321
201505009,NUT3322
201505009,NUT3324
201505009,NUT4307
201505009,NUT4310
201505009,FHS2303
200501033,PAD5303
202202001,EHS3210
202202001,EHS3213
201801003,EHS3207
201801003,EHS4306
201009003,EHS2305
201009003,FHS4301
200911003,EHS2306
200911003,EHS3203
200911003,EHS4308
200501033,PAM5303
201709037,NUT3326
201811014,NUT2303
201811014,NUT3323
201811014,NUT4311
201911001,LIS2312
201911001,LIS3310
201911001,LIS3313
201911001,LIS1304
200208059,PS4304
201102003,M1506
199611855,JMS1115
199611855,JMS3116
199611855,JMS3122
199611855,MAC0108
201808003,EHS3207
201808003,EHS4306
200903001,EE4301
201101001,ES4304
201101001,GES2303
201101001,ES3303
200906018,ELX 2304
199008618,ELX4303
200903039,ELX 3303
199610851,ELG 3303
200311601,ELX 4305
200903042,ELG3304
201804009,AEL 2303
200701045,ELX 4301
202511016,AEL 2302
200307015,ELX 1302
200307015,ELL 3301
199905082,C4740
201708017,LIS1307
201708017,LIS3309
202101004,BNS2302
199112661,SSR2502
200301002,SSR2505
200301002,AGR3503
199112661,SSR3505
199309731,SSR3506
199309731,SSR3507
201309021,SSR4308
200301002,SSR2503
200903001,EE3401
202204004,EE3401
201103033,EE3405
202204004,EE3405
200008025,EE3409
202204004,EE3409
199111659,EE3411
202204004,EE3411
199409785,EE4303B
200903001,EE4311B
199409785,EE4310
202204004,EE4402
200609026,EE4402
201103033,EE4406
202204004,EE4406
200008025,EE5700
199111659,EE5099
200006007,P1502
201310026,P1502
200706010,P1534
201208000,P1534
201103018,P2501
199401731,P2501
199111660,P2503
199401731,P2503
201904010,P2508
199401731,P2508
201208000,P3500
199111660,P3501
202402007,P3502
200006007,P4306
201310026,P4501
201904010,P4504
201103018,P4509
199409785,SE6313
199111659,SE6302
201310026,SE6302
200008025,SE6314
200609026,SE6307
200905001,LIS4308
200905001,LIS3306
201801056,CHN3306
201801057,BNS1309
202101004,BNS2303
202101004,BNE2305
20240404,PHC3303
203010031,BNS1306
203010031,BNS3305
200707003,BNE2306
200707003,CHN3305
202111021,BNS3304
202111021,BNS2304
201801055,BNS1305
201104023,M1512
202608002,M1512
201104023,ANT1301
201104023,AHC4206
201104023,EH3305
201507002,AHC3306
201507002,AHC4201
201308048,HIS3309
201308048,HIS2304
202504006,SOC2303
20241010,SOC2306
200809041,SOC3301
201809001,SOC3307
202504006,SOC3306
202002002,SOC3311
202311001,SOC4305
202002002,SOC4306
202002002,SOC4307
200410111,SIE5422
201804008,PDHE507
202111013,PAM5301
200501033,PAM5303
201507001,PAM5309
199209690,MGM1302
199209690,MGM3301
199209690,AEC639
199209690,MGT5401
202210011,MGM3306
200806101,M1504
201803008,CWM6501
202511511,MGM3506
202511511,MGM2501
202312023,ACC4401
202312023,ACC4407
202309022,TRS2307
202309022,TRS2308
200301002,SSR4307
201911028,C1502
199910952,C4620
202402007,P342
202303008,EC3306
202303008,EC4312
202309002,EC1512
202303007,EC1512
202109010,EC2502
200511025,EC3302
201811007,EC3304
202309006,EC3306
200402004,EC3308
201304035,EC3310
201811007,EC4300
200909061,EC4402
202109010,EC4304
201309024,EC4306
202303007,EC4308
201811007,EC4310
202303008,EC4312
200402004,EC4318
201304032,EC4320
201304032,EC6302
202109061,EC6303
202303007,EC6303
201304035,EC6508
202303008,EC6508
200511025,EC6310
200909061,EC6310
200511025,EC7000
200109026,CHN3304
202102022,NRS 3309
202102022,PMN 3302
202102022,PMN 3305
200303007,DS3303
200303007,DS3303
200303007,DS4301
200303007,DS4302
200303007,DS621
200303007,DS620
198808530,DS2303
198808530,DS3306
198808530,DS613
198808530,DS620
202109011,DS3302
202109011,DS4306
202109011,DS621
202109011,DS624
202109011,DS627
202109011,DS614
201509003,DS3301
202011004,DS4309
202011004,DS2306
202011004,DS4307
202208002,DS2302
202208002,DS1302
202208002,DS619
202208002,DS623
200301010,DS4304
200301010,DS618
200301010,DS615
201712054,DS2304
201712054,DS3304
201712054,DS4305
201812104,DS3305
201812104,DS4308
201812104,DS2301
200712004,CWM6501
200712004,CWM6502
200712004,CWM6503
200712004,CWM6511
200712004,CWM6512
200712004,CWM6513
201301003,EFE2304
200711027,ELE2304
200711027,ELE3306
200711027,AED0108
201710008,PHA6317
201710008,PHA6318
201710008,PHA6319
201409086,CS5531
201509003,DS2305
201711052,PHI0329
201711052,PHI4325
201711052,PHI511
202112005,LED3305
201611058,NRS4308
201611058,NRS4313
201611058,BMN2306
201402050,SW4311
201402050,SW2314
202012014,ADE604
202503038,MAC0208
202503038,MAC0308
202503038,MAC0302
201809001,SOC5302
200910087,EC3310
200910087,EC6508
201809001,SOC5302
202111019,SW2312
202111019,SW3301
202111019,SW4312
201509032,MAC0207
201509032,MAC0104
199401753,EC1402
199401753,EC1402
201003012,L1302
200712044,GES4300
202201021,HIS4305
202201021,HIS6608
202201021,HIS6309
199309731,CWM6501
200902022,CWM6503
200712004,CWM6503
202109011,CWM6511
200902022,CWM6512
202202011,CWM6513
201803008,CWM6502
202309002,EC6304
